gazeX,gazeY
235.6647727272727,144.58365384615385
236.08309659090907,144.77884615384616
235.97514204545453,145.27692307692308
235.90092329545453,145.51250000000002
235.61754261363635,145.61346153846156
235.65802556818178,145.6
235.7457386363636,145.26346153846154
235.88742897727272,144.83942307692308
236.20454545454544,144.51634615384617
235.79296875,144.49615384615387
235.65802556818178,144.39519230769233
235.23295454545453,144.73846153846154
235.1384943181818,145.0817307692308
235.26669034090907,145.37788461538463
235.34765625,145.41826923076925
235.37464488636365,145.30384615384617
235.44886363636363,145.24326923076924
235.37464488636365,145.0144230769231
235.30717329545453,145.13557692307694
235.4286221590909,145.25673076923078
235.23295454545453,145.4048076923077
235.37464488636365,145.70096153846154
235.52308238636363,145.65384615384616
235.56356534090907,145.39134615384617
235.75923295454547,145.62019230769232
235.71875,145.47884615384615
235.57031249999997,145.15576923076924
235.27343749999997,145.04807692307693
235.09801136363635,145.24326923076924
234.8348721590909,145.57307692307694
234.99680397727272,146.03750000000002
235.0440340909091,146.3403846153846
235.01029829545453,146.50865384615386
235.32741477272725,146.77115384615385
235.44211647727272,146.4144230769231
235.64453125,146.15192307692308
235.4353693181818,145.53269230769232
235.38813920454544,145.2971153846154
235.22620738636363,145.56634615384618
235.05078125,145.97692307692307
235.09801136363635,146.40096153846153
234.8416193181818,146.42788461538464
234.9630681818182,146.31346153846155
234.7741477272727,146.15192307692308
234.49076704545456,146.09807692307695
234.3220880681818,146.07115384615386
234.00497159090907,146.11826923076924
234.25461647727272,146.09807692307695
234.06569602272728,146.3067307692308
233.9442471590909,145.97019230769232
233.93075284090907,145.8894230769231
233.90376420454547,145.96346153846156
233.9442471590909,145.6875
234.10617897727275,145.92307692307693
234.28160511363637,145.65384615384616
234.51775568181816,145.45865384615388
234.20063920454544,145.59326923076924
233.75532670454544,145.3442307692308
233.7823153409091,145.16923076923078
233.7283380681818,145.45865384615388
233.82954545454544,145.45865384615388
233.9442471590909,145.65384615384616
234.0252130681818,145.99038461538464
233.7755681818182,145.95000000000002
233.75532670454544,145.775
233.70809659090907,146.07788461538462
233.6541193181818,146.0846153846154
233.60688920454547,146.17884615384617
233.67436079545453,145.8221153846154
234.09943181818178,145.89615384615385
234.09268465909088,145.8625
234.01846590909088,145.81538461538463
233.8767755681818,145.92980769230772
233.39098011363637,145.8894230769231
233.28977272727272,145.7817307692308
233.36399147727272,145.65384615384616
233.4314630681818,146.16538461538462
233.54616477272725,145.8625
233.4854403409091,145.97019230769232
233.31001420454547,146.2326923076923
233.10085227272728,146.38076923076923
232.99289772727272,146.4548076923077
233.0536221590909,146.31346153846155
233.23579545454544,146.3067307692308
233.25603693181816,146.47500000000002
233.28977272727272,146.89903846153848
233.41122159090907,146.85865384615386
233.7958096590909,146.825
233.6473721590909,146.80480769230772
233.24254261363635,146.42115384615386
233.02663352272725,146.56923076923078
232.8984375,147.1346153846154
232.92542613636365,147.04711538461538
233.1818181818182,147.14807692307693
232.69602272727272,146.6365384615385
232.50035511363635,146.53557692307695
232.23046875,146.79134615384618
232.3316761363636,146.93269230769232
231.98082386363635,147.2423076923077
232.4666193181818,147.16153846153847
232.35866477272725,146.61634615384617
232.0145596590909,146.80480769230772
232.13600852272728,146.7576923076923
231.7109375,147.09423076923076
231.4140625,147.4240384615385
231.50852272727272,147.5721153846154
231.6232244318182,147.45096153846154
231.96058238636363,147.5721153846154
231.89311079545453,147.7673076923077
231.86612215909088,147.94903846153846
231.73792613636363,148.19134615384615
231.52201704545453,148.13076923076926
231.31960227272725,148.1846153846154
231.3465909090909,148.45384615384617
231.61647727272725,148.06346153846155
232.0145596590909,148.5278846153846
231.65021306818178,148.5076923076923
231.3263494318182,148.8576923076923
231.0564630681818,149.02596153846156
231.04296875,148.89807692307693
231.4275568181818,148.91153846153847
231.89311079545453,148.76346153846157
231.8458806818182,149.1471153846154
231.68394886363635,149.33557692307693
231.7176846590909,149.18750000000003
231.80539772727272,148.77019230769233
231.8728693181818,148.60865384615386
231.9538352272727,148.05673076923077
231.94708806818178,148.21826923076924
232.0010653409091,148.52115384615385
231.9538352272727,148.43365384615385
232.0145596590909,148.37307692307692
232.25071022727275,148.45384615384617
232.25071022727275,148.38653846153846
232.43288352272728,148.4067307692308
232.54083806818178,148.5346153846154
232.7634943181818,148.44038461538463
232.49360795454544,148.4269230769231
232.5880681818182,148.15096153846156
232.70951704545453,148.4067307692308
232.49360795454544,148.43365384615385
232.77698863636363,148.62884615384615
232.99289772727272,148.67596153846154
232.9794034090909,148.79038461538462
233.14808238636363,148.66923076923078
233.13458806818178,148.79038461538462
233.31676136363637,148.75
233.2830255681818,148.85096153846155
233.2830255681818,149.0394230769231
233.29651988636363,149.1471153846154
233.16157670454544,148.81057692307692
232.9861505681818,147.72019230769232
233.08061079545453,145.17596153846154
235.00355113636363,143.45288461538462
240.11789772727272,139.27307692307693
242.21626420454544,136.8096153846154
245.38742897727272,133.90865384615384
250.1981534090909,129.34519230769232
253.40305397727272,127.44711538461539
254.02379261363635,126.1346153846154
254.40163352272728,123.85288461538462
255.73082386363635,123.20673076923079
257.76846590909093,121.98846153846155
257.984375,120.43365384615386
258.06534090909093,119.57884615384616
257.9978693181818,119.4846153846154
259.0504261363636,119.79423076923077
260.953125,118.9326923076923
262.4712357954545,119.08076923076923
263.42258522727275,118.40769230769232
263.90163352272725,117.74807692307694
263.9421164772727,117.74807692307694
264.11079545454544,117.775
264.2389914772727,117.85576923076924
264.3941761363636,118.04423076923078
264.7112926136363,117.94326923076923
264.7855113636364,117.84903846153847
265.4129971590909,117.41153846153847
265.6019176136363,117.47211538461539
266.24289772727275,117.70769230769231
266.4183238636364,117.76826923076923
266.6139914772727,117.45192307692308
266.8433948863636,117.22980769230769
266.7691761363636,117.18942307692309
266.6882102272727,117.1826923076923
266.5262784090909,117.29038461538462
266.7894176136364,117.2769230769231
266.73544034090907,117.06826923076925
266.63423295454544,117.31730769230771
266.6747159090909,117.1826923076923
266.63423295454544,117.48557692307693
266.36434659090907,117.76826923076923
266.3980823863636,117.71442307692308
266.57350852272725,117.93653846153848
266.4925426136364,118.17884615384617
266.80965909090907,118.18557692307694
266.890625,117.94326923076923
266.8299005681818,118.01730769230771
266.8973721590909,117.73461538461538
267.09303977272725,117.61346153846155
267.3224431818182,117.70096153846156
267.29545454545456,117.74134615384617
267.46413352272725,117.4923076923077
267.3359375,117.54615384615384
267.3561789772727,117.81538461538462
267.3831676136364,117.95000000000002
267.70703125,118.04423076923078
267.62606534090907,117.92307692307692
267.55184659090907,117.8894230769231
267.63955965909093,118.02403846153847
267.6530539772727,118.2798076923077
267.6463068181818,117.8894230769231
267.63955965909093,117.61346153846155
267.76100852272725,117.62692307692308
267.7947443181818,117.66057692307693
267.9499289772727,118.01730769230771
267.7205255681818,118.50865384615385
267.76100852272725,118.48846153846154
268.02414772727275,118.47500000000002
267.8419744318182,118.56250000000001
268.09836647727275,118.07115384615385
268.28053977272725,117.83557692307693
268.375,117.97692307692309
268.6448863636364,117.9971153846154
268.42897727272725,117.32403846153848
268.05788352272725,116.6644230769231
267.9364346590909,116.4221153846154
268.2400568181818,116.80576923076923
268.8270596590909,117.17596153846155
268.7325994318182,117.62692307692308
268.5234375,117.88269230769231
268.4019886363636,117.68076923076924
268.36825284090907,117.84903846153847
268.3884943181818,117.76153846153848
268.2602982954545,117.71442307692308
268.4019886363636,117.59326923076925
268.6313920454545,117.7548076923077
268.71235795454544,117.85576923076924
268.8675426136364,117.72788461538462
269.04296875,117.5596153846154
268.80681818181813,117.0548076923077
268.87428977272725,117.13557692307694
268.86079545454544,117.2769230769231
269.15767045454544,117.51250000000002
268.9957386363636,117.61346153846155
268.6178977272727,117.33750000000002
268.59090909090907,117.63365384615386
268.4762073863636,117.92307692307692
268.6313920454545,118.00384615384615
268.7528409090909,118.17884615384617
268.77982954545456,117.83557692307693
268.35475852272725,117.55288461538463
267.7879971590909,117.2769230769231
267.6193181818182,117.34423076923078
267.74751420454544,117.16250000000001
268.0848721590909,117.23653846153847
268.5369318181818,117.22307692307693
268.4964488636364,117.30384615384617
268.5841619318182,118.04423076923078
268.2535511363636,117.82884615384616
268.5234375,118.2125
268.4357244318182,118.13173076923077
268.4762073863636,117.99038461538463
268.56392045454544,118.36057692307693
268.6786221590909,118.14519230769231
268.6448863636364,117.81538461538462
268.40873579545456,117.81538461538462
268.5369318181818,118.2125
268.74609375,118.03750000000001
268.6246448863636,117.6673076923077
268.5841619318182,117.4923076923077
268.5234375,117.57307692307694
268.21306818181813,117.9298076923077
268.1725852272727,118.09134615384616
268.04438920454544,118.20576923076925
267.9769176136364,118.35384615384616
267.6800426136364,118.3673076923077
267.82173295454544,118.76442307692308
267.84872159090907,118.58269230769233
268.0308948863636,118.4346153846154
267.9499289772727,118.07115384615385
268.01065340909093,118.25961538461539
267.97017045454544,118.40096153846154
267.98366477272725,118.62307692307694
267.8082386363636,118.45480769230771
267.62606534090907,118.35384615384616
267.3494318181818,118.35384615384616
267.6328125,118.32019230769231
267.2819602272727,118.31346153846155
267.6058238636364,118.07115384615385
267.89595170454544,117.92307692307692
267.92294034090907,118.23942307692307
267.9161931818182,118.27307692307693
267.8082386363636,118.36057692307693
267.7542613636363,118.13173076923077
267.83522727272725,118.1048076923077
267.8284801136363,118.51538461538463
267.8622159090909,117.93653846153848
267.90944602272725,117.80192307692309
268.04438920454544,118.38076923076923
267.7947443181818,118.12500000000001
267.4978693181818,118.75769230769231
268.0848721590909,118.87884615384617
268.07137784090907,118.63653846153846
268.04438920454544,118.67692307692307
267.6935369318182,118.41442307692309
267.7205255681818,118.11153846153846
267.63955965909093,118.31346153846155
267.78125,118.23269230769232
267.68678977272725,118.1923076923077
267.52485795454544,118.47500000000002
267.50461647727275,118.58942307692308
267.7205255681818,118.44807692307693
267.8082386363636,118.36057692307693
267.7340198863636,118.39423076923079
267.7677556818182,118.17884615384617
267.8824573863636,117.85576923076924
267.63955965909093,117.99038461538463
267.2752130681818,117.87596153846154
267.30220170454544,117.97019230769233
267.07954545454544,118.2125
267.0997869318182,117.85576923076924
266.9850852272727,117.94326923076923
266.9918323863636,118.05096153846154
267.0862926136364,117.45192307692308
267.18075284090907,117.20961538461539
267.0593039772727,116.36153846153847
267.5653409090909,116.76538461538462
271.41796875,120.67596153846154
272.1803977272727,123.24038461538463
273.7052556818182,125.7173076923077
282.59126420454544,130.23365384615386
285.9513494318182,133.59903846153847
291.1331676136364,140.84134615384616
293.48117897727275,142.88076923076923
295.8629261363636,147.12115384615387
297.8263494318182,147.61923076923077
298.7439630681818,149.26153846153846
299.4254261363636,152.45865384615385
299.31747159090907,155.77692307692308
300.0731534090909,157.1365384615385
301.01100852272725,156.82019230769234
301.70596590909093,156.51057692307694
301.3888494318182,154.90192307692308
301.2066761363636,153.56250000000003
300.5454545454545,152.29038461538462
299.8909801136364,152.33750000000003
299.3714488636363,151.9269230769231
299.1622869318182,151.83269230769233
299.7223011363636,152.2365384615385
300.4982244318182,152.63365384615386
300.95703125,153.2394230769231
301.1526988636363,153.91923076923078
300.8828125,154.16153846153847
301.0379971590909,154.45096153846154
301.01100852272725,154.5923076923077
300.82883522727275,154.60576923076923
300.91654829545456,154.86826923076924
301.08522727272725,154.91538461538462
301.2269176136363,154.74038461538464
301.4293323863636,154.6394230769231
301.1661931818182,154.55865384615385
301.40909090909093,154.4375
301.61150568181813,155.02307692307693
301.3888494318182,155.03653846153847
301.73970170454544,154.73365384615386
301.921875,154.36346153846156
301.90163352272725,154.20865384615388
301.69921874999994,154.43076923076924
301.42258522727275,154.3298076923077
301.46981534090907,154.61923076923077
301.51704545454544,154.51153846153846
301.6317471590909,154.1346153846154
301.75319602272725,154.1951923076923
301.6384943181818,154.03365384615387
301.7127130681818,154.04038461538462
301.7869318181818,153.7375
301.8746448863636,153.37403846153848
302.14453125,153.57596153846154
302.40767045454544,153.44807692307694
302.7855113636363,153.46153846153848
302.56960227272725,153.95288461538462
302.2322443181818,153.77115384615385
302.20525568181813,154.02019230769233
302.0095880681818,153.7375
302.0838068181818,153.60288461538462
302.2457386363636,153.96634615384616
302.7652698863636,153.7173076923077
303.0216619318182,154.05384615384617
303.16335227272725,153.8721153846154
302.7112926136363,153.7173076923077
302.79900568181813,153.60288461538462
302.9204545454545,153.46826923076924
302.79225852272725,153.49519230769232
302.9137073863636,153.85865384615386
302.9676846590909,154.1548076923077
302.9744318181818,154.32307692307694
303.0621448863636,153.70384615384617
303.08913352272725,154.22884615384615
303.0081676136363,153.63653846153846
303.03515625,154.00673076923078
302.8934659090909,154.16826923076925
302.88671875,153.90576923076924
302.9744318181818,154.0942307692308
303.2443181818182,154.22884615384615
303.3050426136363,154.22884615384615
303.1363636363636,154.04038461538462
303.01491477272725,153.9596153846154
302.9339488636364,153.84519230769232
303.0823863636363,153.94615384615386
303.02840909090907,153.85865384615386
302.8125,153.96634615384616
302.9946732954545,154.1144230769231
303.0486505681818,154.175
303.2443181818182,154.10096153846155
303.2848011363636,154.35
303.5411931818182,154.31634615384618
303.7908380681818,154.51153846153846
303.8043323863636,154.5923076923077
303.8043323863636,154.72019230769232
303.3185369318182,154.27596153846156
303.18359375,153.8317307692308
303.14311079545456,153.94615384615386
302.9002130681818,154.12115384615385
302.73828125,154.36346153846156
302.79225852272725,154.00673076923078
302.6775568181818,153.73076923076925
302.73828125,153.63653846153846
302.9339488636364,153.58942307692308
302.6370738636364,153.93269230769232
302.3806818181818,153.85865384615386
302.4886363636363,153.99326923076924
302.14453125,153.6769230769231
302.06356534090907,153.5423076923077
301.88813920454544,153.03750000000002
301.4833096590909,152.66057692307695
301.5575284090909,152.10865384615386
301.40909090909093,152.07500000000002
301.40909090909093,151.83942307692308
301.31463068181813,152.5596153846154
300.9840198863636,152.4048076923077
301.0177556818182,152.3442307692308
300.94353693181813,152.20288461538462
301.0177556818182,151.97403846153847
300.82883522727275,151.94038461538463
300.78835227272725,152.1625
300.9098011363636,151.80576923076924
300.7816051136364,151.75865384615386
300.8355823863636,152.1153846153846
301.17294034090907,152.10865384615386
301.25390625,152.20288461538462
301.1796875,152.32403846153846
301.3551136363636,152.04807692307693
301.39559659090907,152.27692307692308
301.4833096590909,152.26346153846154
301.46981534090907,152.25
301.3483664772727,152.35096153846155
301.6587357954545,152.15576923076924
301.9286221590909,151.83942307692308
301.7869318181818,151.58365384615385
301.8544034090909,151.91346153846155
301.8341619318182,151.71153846153848
301.6384943181818,151.67115384615386
301.2741477272727,151.75865384615386
301.08522727272725,151.2269230769231
300.9840198863636,150.87692307692308
301.0919744318182,150.97115384615387
301.2269176136363,150.5673076923077
301.4158380681818,150.79615384615386
301.2606534090909,150.5942307692308
301.3348721590909,150.70865384615385
301.1661931818182,150.73557692307693
300.64666193181813,150.97788461538462
300.12038352272725,150.91057692307695
299.14204545454544,151.2
298.9801136363636,151.48269230769233
298.2716619318182,152.02788461538464
296.8952414772727,153.17211538461538
292.83345170454544,154.51826923076925
286.3089488636363,158.2403846153846
284.00142045454544,160.59615384615387
283.33345170454544,161.06057692307692
281.1541193181818,160.85865384615386
278.7521306818182,161.69326923076923
278.9275568181818,162.15769230769232
280.0138494318182,162.72307692307692
282.09197443181813,162.9519230769231
283.1917613636364,162.77692307692308
284.0486505681818,162.48076923076925
284.2713068181818,161.81442307692308
283.7990056818182,161.32307692307694
283.8192471590909,161.5451923076923
283.5763494318182,161.8346153846154
283.2254971590909,161.8346153846154
283.23899147727275,161.875
283.15127840909093,161.9894230769231
283.05681818181813,162.15769230769232
283.6033380681818,162.8846153846154
283.33345170454544,163.65192307692308
283.35369318181813,164.41250000000002
283.0163352272727,164.2375
282.82741477272725,163.625
282.69921875,164.14326923076925
282.1661931818182,164.8028846153846
281.9637784090909,164.90384615384616
281.8355823863636,164.52019230769233
281.5049715909091,164.30480769230772
281.13387784090907,164.02884615384616
280.8302556818182,164.2576923076923
280.6480823863636,164.15
280.5671164772727,164.19038461538463
280.5671164772727,164.22403846153847
280.3512073863636,164.40576923076924
279.91938920454544,164.44615384615386
279.78444602272725,164.14326923076925
279.4808238636364,163.75288461538463
279.3728693181818,163.22115384615387
279.1502130681818,162.89807692307693
279.2986505681818,162.91153846153847
279.4605823863636,162.9519230769231
279.3728693181818,162.8173076923077
279.1974431818182,162.65576923076924
279.11647727272725,162.41346153846155
278.8735795454545,161.95576923076925
278.9612926136363,161.75384615384615
279.2379261363636,161.5519230769231
279.3053977272727,161.55865384615385
279.1502130681818,161.525
278.67791193181813,162.04326923076925
278.01669034090907,162.67596153846154
277.37571022727275,162.96538461538464
276.7212357954545,163.27500000000003
276.02627840909093,163.61826923076924
275.27734375,164.05576923076924
274.7780539772727,163.96826923076927
274.4744318181818,164.2442307692308
274.2112926136364,164.22403846153847
273.62428977272725,163.86730769230772
273.5163352272727,163.52403846153845
273.20596590909093,163.49038461538464
273.10475852272725,163.42307692307693
273.125,163.4971153846154
272.8753551136364,163.47019230769232
272.8348721590909,163.05288461538464
272.7808948863636,163.33557692307693
272.8348721590909,163.53750000000002
273.09126420454544,163.57115384615386
273.2127130681818,163.35576923076923
273.75923295454544,163.11346153846156
273.69850852272725,163.07307692307694
273.7659801136364,162.8442307692308
273.71200284090907,162.14423076923077
273.2869318181818,162.06346153846155
273.47585227272725,161.7673076923077
273.5838068181818,162.17115384615386
273.84694602272725,162.22500000000002
273.6715198863636,162.0096153846154
273.19921875,162.09038461538464
273.4488636363636,162.03653846153847
273.4353693181818,162.25192307692308
273.4421164772727,162.35288461538462
273.0575284090909,162.01634615384617
272.5447443181818,161.78750000000002
272.43678977272725,161.60576923076923
272.1803977272727,161.89519230769233
272.4772727272727,161.9625
272.41654829545456,161.7269230769231
272.21413352272725,161.5519230769231
272.0724431818182,160.88557692307694
271.47194602272725,161.0471153846154
271.2762784090909,161.08750000000003
271.01313920454544,161.12788461538463
270.50710227272725,161.18846153846155
269.8931107954545,161.10096153846155
269.7176846590909,161.175
269.5017755681818,161.53846153846155
269.5152698863636,161.86153846153846
268.9552556818182,162.41346153846155
268.2602982954545,162.9721153846154
267.8689630681818,162.76346153846154
267.30220170454544,162.93846153846155
267.0862926136364,162.93846153846155
266.63423295454544,162.74326923076924
266.5330255681818,163.1
266.1079545454545,163.56442307692308
265.68288352272725,163.67884615384617
265.64914772727275,163.4971153846154
265.39275568181813,163.21442307692308
265.0621448863636,163.55769230769232
265.1363636363636,163.6990384615385
265.0553977272727,163.625
265.07563920454544,163.74615384615385
264.9069602272727,164.15673076923076
264.4616477272727,163.98173076923078
264.2457386363636,164.01538461538462
264.31321022727275,163.63846153846154
264.5358664772727,163.21442307692308
264.7450284090909,163.03942307692307
264.5358664772727,162.8644230769231
263.6384943181818,162.3798076923077
263.03124999999994,162.87115384615385
262.6871448863636,162.8442307692308
262.92329545454544,162.4875
262.26882102272725,162.35288461538462
261.66157670454544,162.28557692307695
261.86399147727275,162.38653846153846
261.89772727272725,162.04326923076925
261.8572443181818,162.30576923076924
261.91796875,162.00288461538463
261.86399147727275,161.71346153846156
262.03267045454544,162.00288461538463
261.9921875,162.21153846153848
261.76278409090907,162.45384615384617
261.6885653409091,162.76346153846154
261.4186789772727,162.72307692307692
261.2095170454545,162.89807692307693
261.4996448863636,162.56826923076923
262.0394176136364,162.19807692307694
262.3093039772727,161.1144230769231
262.3362926136364,160.65
262.0799005681818,160.56923076923078
261.32421875,160.00384615384615
260.51455965909093,160.14519230769233
260.2986505681818,160.1048076923077
259.31356534090907,159.3576923076923
258.7130681818182,159.2096153846154
258.8277698863636,158.95384615384617
258.4431818181818,158.9269230769231
258.49715909090907,159.37788461538463
257.59303977272725,159.63365384615386
256.796875,159.69423076923078
256.8306107954545,159.7548076923077
256.8238636363636,159.78846153846155
257.06001420454544,159.81538461538463
256.96555397727275,159.9096153846154
257.0667613636364,160.23269230769233
257.1139914772727,160.3471153846154
257.4041193181818,160.66346153846155
257.2691761363636,160.8721153846154
256.9183238636363,160.59615384615387
256.8171164772727,160.6971153846154
256.5,160.6567307692308
256.4865056818182,160.63653846153846
256.5809659090909,160.38076923076923
256.8306107954545,160.05096153846154
256.7091619318182,159.80865384615387
256.9048295454545,160.16538461538462
256.8980823863636,160.2596153846154
256.9520596590909,160.05096153846154
256.72265625,159.94326923076923
256.7428977272727,159.94326923076923
257.06001420454544,159.8625
256.8306107954545,160.2125
256.89133522727275,160.49519230769232
256.91157670454544,160.3
256.6349431818182,160.07788461538465
256.62819602272725,159.78173076923076
256.56747159090907,159.4519230769231
256.6214488636363,159.53269230769232
256.6079545454545,159.59326923076927
256.6012073863636,159.51250000000002
256.2166193181818,159.60000000000002
256.11541193181813,159.37788461538463
256.2503551136364,159.30384615384617
256.12890625,159.31057692307692
255.89275568181816,159.56634615384615
255.7578125,159.56634615384615
255.7578125,159.57307692307694
255.59588068181816,159.3375
255.81853693181816,158.61057692307693
255.62961647727272,158.32788461538462
255.59588068181816,158.30096153846154
255.44069602272725,158.21346153846156
254.99538352272725,157.71538461538464
254.3544034090909,157.5673076923077
251.93217329545453,159.08173076923077
250.0497159090909,162.23173076923078
247.58025568181816,165.34134615384616
244.81392045454544,168.1144230769231
239.95596590909088,169.80384615384617
233.84303977272725,170.59134615384616
232.28444602272725,172.15288461538464
231.37357954545453,172.87307692307692
231.90660511363635,173.69423076923078
231.24538352272728,174.19903846153846
231.54225852272728,174.46153846153848
231.82563920454544,174.7375
232.34517045454547,174.8048076923077
232.67578125,175.37019230769232
232.9861505681818,175.5317307692308
233.3504971590909,175.32980769230772
233.37748579545453,175.19519230769234
233.58664772727272,174.92596153846154
233.8093039772727,174.95288461538465
234.0859375,175.1548076923077
234.33558238636363,174.50865384615383
234.0859375,174.7375
233.41122159090907,174.77115384615388
232.95916193181816,175.03365384615387
232.64204545454544,175.25576923076923
232.34517045454547,175.26250000000002
231.81889204545453,175.24903846153848
231.63671875,175.26923076923077
231.5490056818182,175.12788461538463
231.3465909090909,175.16826923076925
231.09694602272725,175.0201923076923
230.85404829545453,175.14807692307696
230.57066761363637,175.36346153846156
230.30752840909088,175.24230769230772
230.17258522727272,174.92596153846154
229.88920454545456,174.96634615384616
229.73401988636363,175.20865384615385
229.51136363636365,175.2894230769231
229.484375,175.23557692307696
229.51136363636365,175.09423076923076
229.15376420454544,175.04711538461538
229.01882102272728,175.05384615384617
228.62748579545456,175.4375
228.76917613636363,175.6192307692308
229.12002840909088,175.26250000000002
229.09303977272728,174.9865384615385
228.92436079545456,175.22884615384615
228.9108664772727,175.3096153846154
228.72194602272728,175.51153846153846
228.42507102272728,175.71346153846156
228.14169034090907,175.05384615384617
227.7840909090909,174.8923076923077
227.85156249999997,174.69711538461542
227.9460227272727,174.6701923076923
227.97301136363635,175.4038461538462
227.75035511363637,175.64615384615385
227.59517045454544,175.64615384615385
227.39275568181816,175.9221153846154
227.1228693181818,175.88173076923078
227.07563920454544,175.5519230769231
227.03515625,175.6394230769231
227.0621448863636,175.73365384615386
226.61683238636363,175.7471153846154
226.56285511363637,175.88173076923078
226.77876420454547,176.11057692307693
227.00816761363635,176.44038461538463
227.23082386363635,175.88846153846154
227.6356534090909,175.8951923076923
227.68288352272725,176.00288461538463
227.56143465909088,175.8211538461539
227.7166193181818,175.94230769230768
227.9460227272727,175.91538461538462
227.66938920454544,175.81442307692308
227.72336647727272,176.02980769230768
227.8650568181818,175.5923076923077
227.81107954545453,176.0769230769231
227.79758522727272,175.99615384615387
227.66264204545453,175.90865384615387
227.74360795454547,175.84134615384616
228.05397727272725,175.90192307692308
228.5060369318182,175.91538461538462
229.02556818181816,175.8211538461539
229.05930397727272,176.09038461538464
229.2009943181818,175.99615384615387
229.1065340909091,176.08365384615388
229.07954545454544,175.82788461538465
228.9783380681818,175.74038461538464
228.85014204545453,175.82788461538465
228.64098011363635,175.5653846153846
228.46555397727272,175.2221153846154
228.26313920454544,174.8048076923077
227.96626420454544,174.8721153846154
227.5479403409091,174.84519230769232
227.5479403409091,174.59615384615384
227.4872159090909,174.32019230769234
226.8192471590909,174.27307692307696
226.91370738636363,174.4548076923077
226.24573863636363,174.58269230769233
225.94211647727272,174.25288461538463
225.61825284090907,174.13846153846157
225.1999289772727,174.07788461538462
224.9098011363636,173.94326923076926
224.8828125,174.3403846153846
224.9637784090909,174.3471153846154
224.39701704545453,174.19903846153846
224.5319602272727,174.51538461538462
224.08664772727272,174.87884615384615
223.68856534090907,174.71730769230768
223.6278409090909,175.05384615384617
223.4794034090909,175.09423076923076
223.72230113636363,174.8115384615385
223.81676136363637,174.96634615384616
223.97869318181816,175.19519230769234
224.12038352272728,174.71057692307693
224.2823153409091,174.56250000000003
224.34978693181816,174.76442307692307
224.76811079545453,174.64326923076925
224.71413352272728,174.79807692307693
224.71413352272728,174.71057692307693
224.69389204545453,174.58942307692308
224.72762784090907,174.96634615384616
224.93678977272725,174.6567307692308
224.75461647727272,174.77788461538464
224.8895596590909,174.91923076923078
224.75461647727272,174.9596153846154
224.51171875,175.09423076923076
224.53870738636363,175.03365384615387
224.63316761363635,174.9394230769231
224.5049715909091,174.6701923076923
224.4240056818182,175.0875
224.52521306818178,175.03365384615387
224.26882102272725,174.62307692307692
224.08664772727272,174.00384615384615
223.9247159090909,174.08461538461538
223.78977272727272,174.11826923076924
223.84374999999997,173.95000000000002
223.81676136363637,173.8826923076923
223.7088068181818,174.0644230769231
222.83167613636363,174.13846153846157
222.8114346590909,173.39807692307693
222.7574573863636,173.28365384615384
222.61576704545453,173.50576923076923
222.5145596590909,173.17596153846156
222.47407670454547,173.3644230769231
222.30539772727272,173.3644230769231
222.25142045454544,173.24326923076924
222.20419034090907,173.2163461538462
221.96803977272728,173.00096153846152
221.7858664772727,172.8125
221.4822443181818,172.9
221.43501420454544,172.86634615384617
221.56321022727272,172.84615384615387
221.5497159090909,172.7990384615385
221.56995738636363,172.59038461538464
221.83984375,172.17980769230772
221.89382102272725,172.01153846153846
222.01526988636363,171.66153846153847
221.98828124999997,171.50000000000003
222.10973011363635,170.65192307692308
222.20419034090907,171.1567307692308
222.2176846590909,170.90096153846156
222.09623579545453,170.77980769230768
222.0759943181818,170.7596153846154
222.13671875,170.24134615384617
222.63600852272728,169.9519230769231
222.46732954545456,169.94519230769234
222.55504261363637,169.99903846153848
222.60901988636363,170.1875
222.29190340909088,170.49038461538464
222.0759943181818,170.64519230769233
221.83984375,170.90769230769232
221.94779829545453,171.39903846153848
221.8465909090909,171.6144230769231
221.6306818181818,171.70865384615388
221.4552556818182,171.57403846153846
221.36079545454544,171.6144230769231
221.42826704545453,171.86346153846156
221.34055397727272,172.0317307692308
221.13813920454544,172.26057692307694
220.97620738636363,172.5971153846154
220.94247159090907,172.61057692307693
220.74680397727272,172.4692307692308
220.63884943181816,172.07211538461542
220.7400568181818,171.84326923076924
220.94247159090907,171.74903846153848
221.1786221590909,171.94423076923078
221.27308238636363,172.29423076923078
221.15838068181816,172.28750000000002
220.84126420454544,172.5567307692308
220.578125,172.36826923076922
220.47017045454544,172.23365384615386
220.26100852272725,172.22019230769232
220.01136363636363,172.14615384615385
220.01136363636363,172.12596153846155
220.08558238636363,172.28076923076924
219.79545454545453,172.38846153846154
219.95738636363635,172.65769230769232
220.05184659090907,172.49615384615385
219.9911221590909,171.68846153846155
220.07883522727272,171.64134615384617
219.78196022727272,172.72500000000002
219.41086647727272,172.63750000000002
219.36363636363635,172.32788461538462
219.26242897727275,171.9375
219.4041193181818,171.85673076923078
219.26917613636363,171.82307692307694
218.9655539772727,171.52692307692308
218.82386363636363,171.39903846153848
218.91832386363635,171.29134615384618
218.8036221590909,171.22403846153847
218.82386363636363,171.3653846153846
218.84410511363637,171.50673076923078
218.68892045454544,171.41923076923078
218.60120738636363,171.27115384615385
218.60120738636363,171.17019230769233
219.06676136363635,170.67884615384617
219.35014204545456,170.88750000000002
219.48508522727272,170.68557692307695
219.5390625,170.9346153846154
219.6267755681818,170.8471153846154
219.41761363636363,171.01538461538465
219.44460227272728,171.3721153846154
219.3096590909091,171.35865384615386
219.03977272727272,171.44615384615386
219.01953125,171.7423076923077
219.16122159090907,171.31153846153848
219.1544744318182,170.8471153846154
219.46484374999997,170.6048076923077
219.91015625,170.78653846153847
220.23401988636365,170.9144230769231
220.43643465909088,171.07596153846154
220.67258522727272,170.96153846153848
220.26775568181816,171.9375
219.79545454545453,175.21538461538464
219.06001420454547,179.21346153846156
218.6349431818182,185.08942307692308
218.39204545454544,189.31634615384615
217.20454545454547,196.4038461538462
216.32741477272725,199.8836538461539
216.23970170454544,205.14038461538462
216.31392045454547,205.07307692307694
215.9293323863636,207.2403846153846
215.55149147727275,208.90288461538464
215.16015624999997,210.25576923076923
214.97123579545453,210.5653846153846
214.71484375,209.85865384615389
214.7283380681818,208.67403846153846
214.8025568181818,207.2269230769231
214.98473011363635,205.59134615384616
215.0994318181818,205.45673076923077
215.28160511363635,205.1538461538462
215.07244318181816,205.6115384615385
214.98473011363635,206.0692307692308
214.91725852272725,206.01538461538462
215.07919034090907,206.2576923076923
214.89701704545453,206.51346153846154
214.58664772727272,206.97788461538462
214.640625,206.71538461538464
214.59339488636363,207.1125
214.53941761363637,206.91730769230773
214.49218749999997,206.68173076923077
214.45845170454547,206.675
214.1345880681818,206.72884615384615
214.0333806818182,206.46634615384616
214.01988636363635,206.12307692307695
214.01313920454544,206.02211538461538
214.01313920454544,205.6990384615385
214.21555397727272,205.9144230769231
214.27627840909088,205.86730769230772
214.24928977272728,205.89423076923077
214.0333806818182,205.6451923076923
213.75,205.69230769230774
213.56107954545453,205.86057692307696
213.50035511363635,205.40288461538464
213.5340909090909,205.02596153846156
213.81747159090907,204.77019230769233
213.72975852272725,205.0192307692308
213.71626420454544,204.9721153846154
213.71626420454544,204.84423076923076
213.71626420454544,205.0192307692308
213.63529829545453,204.9317307692308
213.51384943181816,204.99230769230772
213.6150568181818,205.0394230769231
213.453125,204.79711538461538
213.63529829545453,204.5346153846154
213.2911931818182,204.2048076923077
213.13600852272725,204.15769230769232
213.01455965909088,204.26538461538465
212.92009943181816,204.17788461538464
212.74467329545453,204.06346153846155
212.54900568181816,204.21826923076927
212.8728693181818,203.9423076923077
213.04154829545453,203.34326923076927
213.02805397727272,203.21538461538464
213.08203125,203.27596153846156
212.93359374999997,203.44423076923078
212.65696022727272,203.70000000000002
212.4950284090909,203.72019230769234
212.53551136363635,203.43750000000003
212.38032670454544,203.4576923076923
212.46803977272725,203.47788461538462
212.37357954545453,203.5115384615385
212.04296874999997,203.57884615384614
211.99573863636363,203.78076923076924
212.04971590909088,203.84807692307695
212.38032670454544,204.03653846153847
212.39382102272728,203.69326923076923
212.3465909090909,203.80769230769232
212.38707386363635,203.62596153846152
212.62997159090907,203.76057692307694
212.7919034090909,203.9894230769231
212.22514204545456,204.09038461538464
212.15767045454544,204.58846153846153
212.29261363636363,204.66923076923078
212.38707386363635,204.31923076923078
212.42080965909088,204.0567307692308
212.4950284090909,203.67980769230772
212.4950284090909,203.28942307692307
212.1981534090909,203.10096153846155
212.265625,203.525
212.73117897727272,203.45096153846154
213.0010653409091,203.41057692307692
213.1629971590909,203.26923076923077
212.92009943181816,203.30288461538464
212.60973011363637,203.34326923076927
212.52876420454544,203.7269230769231
212.75816761363635,203.4644230769231
212.91335227272725,203.41057692307692
212.88636363636363,202.90576923076924
212.7986505681818,202.77115384615385
212.48828125,202.46826923076924
212.4005681818182,202.50865384615386
212.44105113636363,202.69038461538463
212.23863636363635,202.87211538461543
212.06995738636363,203.02019230769233
211.9754971590909,202.90576923076924
212.02272727272728,203.00673076923078
211.8203125,202.81826923076923
212.02272727272728,202.58269230769233
211.83380681818178,202.49519230769235
211.7595880681818,201.94326923076923
212.04296874999997,202.04423076923078
211.48295454545453,201.91634615384618
211.3884943181818,201.99038461538464
211.26704545454544,201.94326923076923
211.10511363636363,201.96346153846156
211.2333096590909,201.97019230769232
211.27379261363635,201.98365384615386
211.15909090909088,201.99038461538464
211.2333096590909,201.97019230769232
211.2333096590909,201.57980769230772
211.17258522727272,201.19615384615386
211.3142755681818,201.22307692307692
211.42897727272728,201.16250000000002
211.2468039772727,201.15576923076927
211.09836647727272,201.0615384615385
210.97691761363635,201.00096153846155
210.81498579545453,201.41826923076925
211.07137784090907,201.4721153846154
211.30078125,201.25000000000003
211.6853693181818,200.94038461538463
211.71910511363637,200.6778846153846
211.25355113636365,200.80576923076922
211.3817471590909,200.97403846153847
211.57066761363635,201.10192307692307
211.65838068181816,200.9269230769231
211.6786221590909,200.6644230769231
211.53693181818178,200.76538461538462
211.32776988636363,200.9201923076923
211.15234374999997,200.81250000000003
211.30078125,200.53653846153847
211.5234375,200.52307692307696
211.6853693181818,200.63076923076923
211.7325994318182,200.82596153846157
211.80007102272728,200.4625
211.91477272727272,200.2269230769231
211.72585227272728,200.25384615384615
211.84730113636363,200.35480769230773
212.00248579545453,200.30769230769235
212.01598011363637,200.4625
212.29936079545453,200.43557692307695
212.6974431818182,200.50288461538463
212.87961647727272,200.75192307692308
212.90660511363637,200.47596153846158
212.96732954545453,200.87307692307692
212.7986505681818,201.29038461538462
212.83238636363635,200.83269230769233
212.81214488636365,200.96730769230768
212.98082386363637,200.7317307692308
212.92684659090907,200.60384615384618
212.91335227272725,200.68461538461543
212.7041903409091,200.7048076923077
212.44105113636363,200.9942307692308
212.61647727272725,200.97403846153847
212.8728693181818,200.87307692307692
213.08203125,201.18269230769232
212.98757102272728,201.10865384615389
212.54900568181816,201.28365384615387
212.55575284090907,201.06826923076926
212.43430397727272,200.79903846153846
212.66370738636363,200.72500000000002
212.83238636363635,200.60384615384618
212.91335227272725,200.46923076923076
213.01455965909088,200.5298076923077
213.0685369318182,200.51634615384617
212.92684659090907,200.84615384615384
212.60973011363637,200.71153846153848
212.71093749999997,200.47596153846158
212.7041903409091,200.35480769230773
213.31143465909088,200.25384615384615
213.3654119318182,200.0721153846154
213.3856534090909,200.10576923076925
213.35191761363635,200.23365384615386
213.34517045454544,200.1596153846154
212.97407670454544,200.23365384615386
212.83238636363635,200.20673076923077
212.7784090909091,200.38173076923076
212.7041903409091,200.5769230769231
212.82563920454544,200.86634615384617
212.73117897727272,201.08173076923077
212.8053977272727,200.53653846153847
212.67720170454544,200.35480769230773
212.81214488636365,200.41538461538462
212.84588068181816,200.4625
212.9470880681818,200.73846153846156
213.13600852272725,200.6644230769231
213.3654119318182,200.9875
213.49360795454547,201.09519230769232
213.6150568181818,201.46538461538464
213.9591619318182,201.33076923076925
214.47869318181816,200.96057692307693
214.60688920454544,200.73846153846156
214.71484375,200.4625
214.81605113636363,200.82596153846157
214.62038352272725,200.86634615384617
215.03196022727272,200.75192307692308
215.37606534090907,200.40865384615387
215.55149147727275,200.38846153846157
215.49076704545453,200.23365384615386
215.51100852272728,200.41538461538462
215.5177556818182,200.61057692307693
215.74715909090907,200.1125
216.10475852272728,199.8836538461539
216.40163352272728,199.5538461538462
216.67151988636363,199.30480769230772
217.13032670454544,199.64807692307693
217.1910511363636,199.81634615384618
217.52166193181816,199.70865384615385
217.90624999999997,199.57403846153846
218.0681818181818,199.47307692307695
218.60120738636363,199.27788461538464
218.7361505681818,199.5067307692308
218.79012784090907,199.93076923076927
219.1004971590909,200.28750000000002
219.37038352272725,200.1326923076923
219.4783380681818,199.78269230769232
219.5997869318182,198.75288461538463
219.14098011363637,198.42980769230772
219.01953125,197.89807692307693
219.25568181818178,192.68846153846152
219.26917613636363,187.0076923076923
218.8845880681818,185.1769230769231
218.02769886363635,183.12403846153848
217.9669744318182,180.57980769230772
217.93998579545453,178.27115384615388
217.9737215909091,174.10480769230773
218.33132102272725,170.46346153846156
218.62144886363635,170.30865384615387
218.45276988636363,170.1471153846154
218.01420454545453,170.24807692307692
218.3718039772727,170.16057692307695
218.95880681818178,169.62884615384618
219.61328125,169.85769230769233
220.08558238636363,170.04615384615386
220.60511363636363,170.5173076923077
221.05717329545453,170.73269230769233
221.50248579545456,171.80288461538464
221.79261363636365,171.40576923076924
221.7858664772727,171.6548076923077
221.98828124999997,171.3653846153846
221.8465909090909,170.84038461538464
221.765625,170.57115384615386
222.00177556818178,170.39615384615385
222.02201704545453,170.0798076923077
222.20419034090907,169.99230769230772
222.12322443181816,169.99230769230772
222.00852272727272,170.16057692307695
222.21093749999997,170.44326923076923
222.26491477272728,170.41634615384618
222.4403409090909,170.45673076923077
222.5145596590909,170.4769230769231
222.65625,170.625
222.85866477272728,170.12019230769232
223.27024147727275,170.10000000000002
223.29723011363635,169.93846153846155
223.27698863636363,169.68269230769232
223.55362215909088,169.02307692307693
223.87748579545453,169.1846153846154
224.12038352272728,169.2048076923077
224.04616477272725,169.37307692307692
223.81676136363637,169.32596153846154
223.79651988636363,169.0298076923077
223.6278409090909,169.00288461538463
223.6345880681818,168.75384615384615
223.45916193181816,167.92596153846156
223.76278409090907,167.75096153846155
224.05291193181816,167.95288461538462
224.16761363636363,167.88557692307694
224.18785511363635,168.1076923076923
224.2080965909091,168.4173076923077
224.41725852272728,167.83846153846156
224.39026988636363,167.7644230769231
224.68039772727272,167.61634615384617
224.82208806818178,167.64326923076925
224.92329545454547,167.69038461538463
225.01775568181816,167.79134615384615
225.12571022727275,167.7173076923077
225.25390625,167.75096153846155
225.53728693181816,168.08076923076925
225.7734375,168.67980769230772
226.04332386363635,169.0769230769231
226.16477272727272,168.78750000000002
226.25248579545453,168.5721153846154
226.58984374999997,168.6394230769231
226.56960227272728,169.0701923076923
226.42116477272725,169.2721153846154
226.34694602272728,169.35288461538462
226.91370738636363,169.36634615384617
227.60866477272725,169.12403846153848
228.06072443181816,168.86826923076924
228.3845880681818,169.0769230769231
228.58025568181816,169.36634615384617
228.72194602272728,169.58173076923077
228.96484375,169.89134615384617
229.23473011363635,169.83076923076925
229.98366477272728,169.925
230.56392045454547,169.925
230.94850852272728,170.275
231.3330965909091,169.85769230769233
231.00923295454544,168.81442307692308
231.65021306818178,166.8019230769231
231.60973011363635,160.6971153846154
230.88778409090907,154.54519230769233
230.35475852272728,150.06923076923078
229.7745028409091,144.5971153846154
229.30220170454547,137.7721153846154
228.68821022727272,133.93557692307695
228.5060369318182,125.60288461538464
229.16051136363635,124.53269230769233
230.5369318181818,123.07211538461539
231.36683238636365,113.88461538461539
231.27237215909088,112.86826923076924
231.3263494318182,110.26346153846154
231.31285511363635,105.61923076923077
231.48153409090907,102.30769230769232
231.4208096590909,99.26538461538462
231.7176846590909,97.7173076923077
232.07528409090907,94.93750000000001
233.02663352272725,93.0798076923077
233.53941761363635,92.56826923076923
233.98473011363637,91.9625
234.39630681818178,92.19807692307693
234.85511363636363,93.36250000000001
235.3544034090909,94.39903846153847
235.70525568181816,95.03846153846153
235.84019886363637,95.32788461538462
235.75248579545456,96.0548076923077
235.4151278409091,96.96346153846154
235.21946022727272,97.77115384615385
235.17897727272725,97.97307692307693
235.30042613636363,97.77788461538464
235.32741477272725,97.75096153846154
235.65802556818178,97.09807692307693
235.98863636363635,97.27307692307694
235.92116477272728,97.15865384615385
236.19779829545453,97.44134615384617
236.4744318181818,97.60288461538461
237.13565340909088,97.36057692307693
237.23011363636365,97.23269230769232
237.203125,97.25961538461539
237.21661931818178,97.04423076923078
237.5202414772727,96.7548076923077
237.6619318181818,96.64038461538463
238.02627840909088,96.88269230769231
238.64701704545453,97.09807692307693
238.9236505681818,97.01057692307693
238.93039772727272,97.15192307692308
239.24751420454544,97.15192307692308
239.67933238636363,97.0846153846154
239.67258522727275,96.9971153846154
239.88174715909088,96.70096153846154
240.13813920454547,96.97692307692309
240.27982954545453,96.90288461538462
240.51598011363637,96.91634615384616
240.64417613636365,96.95673076923079
240.79261363636363,97.41442307692307
241.05575284090907,97.25961538461539
241.25142045454544,97.31346153846155
241.34588068181816,96.88942307692308
241.81143465909088,96.96346153846154
242.12180397727272,96.97692307692309
242.53338068181816,97.2798076923077
242.7897727272727,96.5596153846154
243.12713068181816,96.35769230769232
243.4644886363636,96.76826923076925
243.36328125,96.80865384615386
243.60617897727272,96.82211538461539
244.01100852272725,96.70769230769233
244.12571022727272,96.5125
244.46981534090907,96.63365384615385
244.7801846590909,96.4519230769231
244.86789772727272,96.50576923076923
244.9893465909091,96.66057692307695
245.15127840909088,96.60000000000001
245.32670454545456,96.88269230769231
245.88671875,96.27019230769231
246.30504261363637,96.15576923076925
246.36576704545453,96.23653846153846
246.08238636363637,96.20961538461539
246.0958806818182,96.41826923076924
246.01491477272725,96.51923076923077
246.30504261363637,96.43846153846155
246.52769886363635,96.54615384615386
246.7975852272727,96.43173076923078
246.97301136363637,96.3173076923077
246.8785511363636,96.41826923076924
246.8515625,96.38461538461539
247.07421875,96.52596153846154
247.28338068181816,96.59326923076924
247.59374999999997,96.44519230769231
247.91086647727272,96.24326923076924
247.9513494318182,96.12884615384615
248.26846590909088,96.08173076923077
248.78125,96.5596153846154
249.17933238636363,96.78846153846155
249.0916193181818,96.50576923076923
249.18607954545453,95.8125
249.02414772727272,95.22019230769232
248.6530539772727,95.22019230769232
248.5720880681818,95.17307692307693
248.1942471590909,95.11250000000001
247.71519886363635,95.03173076923078
247.62748579545453,94.8298076923077
247.4453125,94.92403846153847
247.11470170454544,94.93076923076923
246.8785511363636,94.73557692307693
246.77734375,94.55384615384615
246.95951704545453,94.325
247.4453125,94.31826923076923
247.93110795454544,94.06923076923077
248.67329545454544,94.00865384615385
248.86221590909088,94.22403846153847
249.09836647727272,94.31826923076923
248.82848011363637,94.25096153846155
249.6178977272727,94.07596153846156
250.90660511363635,94.12307692307694
251.63529829545453,93.87403846153846
252.23579545454544,93.61826923076924
252.55965909090907,93.33557692307693
252.81605113636363,93.0125
253.49751420454544,92.92500000000001
253.90234375,93.00576923076925
254.0575284090909,93.28173076923078
254.4825994318182,93.2346153846154
254.61079545454544,93.14038461538462
254.6512784090909,93.04615384615386
254.83345170454544,93.0125
255.27876420454547,92.44711538461539
255.34623579545453,91.88846153846156
255.60262784090907,91.59903846153847
255.49467329545453,91.0471153846154
255.66335227272728,91.36346153846155
255.29900568181816,91.45096153846154
255.06285511363635,91.67307692307692
255.04261363636363,92.00961538461539
255.08984374999997,92.35288461538462
255.10333806818178,92.27884615384616
254.80646306818178,92.1846153846154
254.92116477272725,92.08365384615385
254.79971590909088,91.3298076923077
254.81995738636363,91.35000000000001
254.68501420454547,91.05384615384617
254.61079545454544,90.59615384615385
254.6512784090909,90.79134615384615
254.67826704545453,90.56923076923077
254.7322443181818,90.69038461538463
254.94140625,90.42115384615386
254.90767045454544,90.33365384615387
255.19105113636365,90.40096153846154
255.38671874999997,90.30673076923077
255.58913352272725,90.1923076923077
255.81853693181816,89.37788461538462
255.8590198863636,89.4519230769231
255.93998579545453,88.94038461538462
256.0142045454545,89.02115384615385
256.40553977272725,89.37788461538462
256.6012073863636,89.37115384615386
257.0262784090909,89.1423076923077
256.9183238636363,88.90000000000002
257.06001420454544,88.78557692307693
257.2556818181818,88.77884615384616
257.43110795454544,88.99423076923078
257.85617897727275,89.04134615384615
257.7347301136364,88.79230769230769
257.9236505681818,88.60384615384615
257.91015625,88.32788461538462
257.8224431818182,88.79230769230769
257.8696732954545,88.89326923076923
258.1395596590909,88.90000000000002
258.3082386363636,88.81923076923078
258.4161931818182,88.83269230769231
258.3014914772727,88.95384615384616
258.5511363636363,88.90673076923078
258.5646306818182,89.3846153846154
258.6860795454545,89.12884615384615
258.74680397727275,89.32403846153848
258.5983664772727,89.20288461538462
258.5511363636363,88.90673076923078
258.578125,88.98076923076923
258.63210227272725,88.76538461538462
258.7737926136363,88.93365384615385
258.8480113636363,89.08846153846156
258.8075284090909,89.08173076923077
258.7400568181818,89.22980769230769
258.85475852272725,88.93365384615385
259.15163352272725,88.8596153846154
259.11789772727275,89.3576923076923
258.52414772727275,89.3375
258.3689630681818,89.36442307692309
258.0113636363636,89.10865384615384
258.12606534090907,89.25673076923078
258.26100852272725,89.20961538461539
258.4026988636364,89.12884615384615
258.1935369318182,89.39807692307693
258.0113636363636,89.16923076923077
257.7819602272727,88.97403846153847
257.67400568181813,89.18942307692308
257.88991477272725,89.50576923076923
257.7887073863636,89.69423076923077
257.6200284090909,89.74134615384617
257.57279829545456,89.89615384615385
257.74147727272725,89.90288461538462
257.7009943181818,89.87596153846155
257.47159090909093,90.07115384615385
257.3433948863636,90.56923076923077
257.0667613636364,90.62307692307692
256.7698863636364,90.71057692307694
256.86434659090907,90.42788461538461
256.8980823863636,90.12500000000001
256.9520596590909,90.41442307692309
257.18821022727275,90.44134615384617
257.5255681818182,90.60288461538462
257.4985795454545,90.90576923076924
257.6402698863636,91.12115384615385
257.7144886363636,91.12788461538462
257.4850852272727,91.00673076923078
257.3973721590909,91.23557692307693
257.2017045454545,90.87211538461538
257.31640625,90.90576923076924
257.47159090909093,91.10769230769232
257.5255681818182,90.79134615384615
257.3636363636364,90.84519230769232
257.2894176136363,91.03365384615385
256.9048295454545,91.00673076923078
256.8575994318182,91.26923076923077
257.0330255681818,90.87884615384617
256.98579545454544,90.80480769230769
256.96555397727275,91.14134615384616
257.0465198863636,91.20865384615385
257.2151988636364,91.35673076923077
257.29616477272725,90.89903846153848
257.17471590909093,91.20192307692308
256.8575994318182,90.88557692307693
256.3110795454545,91.19519230769232
256.6079545454545,91.45769230769231
256.6551846590909,91.84807692307693
256.6754261363636,91.45096153846154
256.9183238636363,91.60576923076924
257.0262784090909,91.51153846153848
257.13423295454544,91.49134615384617
256.7361505681818,91.62596153846154
256.6484375,92.01634615384617
256.70241477272725,91.98269230769232
256.75639204545456,92.52115384615387
256.71590909090907,92.07019230769231
256.7428977272727,92.17115384615386
256.93856534090907,92.42019230769232
256.93856534090907,92.03653846153847
256.8171164772727,92.6221153846154
257.05326704545456,92.67596153846155
257.0330255681818,92.88461538461539
257.22194602272725,93.00576923076925
257.4918323863636,92.78365384615385
257.45809659090907,92.85096153846153
257.72123579545456,92.83076923076923
257.66725852272725,92.87115384615385
257.37713068181813,93.22115384615385
257.3299005681818,93.12692307692309
257.61328125,93.64519230769231
257.96413352272725,93.70576923076923
258.3757102272727,93.79326923076924
258.3689630681818,93.77980769230771
258.3284801136364,93.65192307692307
258.40944602272725,93.63173076923078
258.0923295454545,93.80000000000001
258.1463068181818,94.12307692307694
258.2879971590909,94.04903846153846
258.2205255681818,94.0423076923077
258.4161931818182,94.15673076923076
258.1935369318182,94.42596153846154
257.8426846590909,94.97788461538464
257.97088068181813,95.04519230769232
257.60653409090907,94.85
257.0667613636364,94.86346153846155
256.4865056818182,94.78942307692309
256.11541193181813,95.05865384615385
255.7645596590909,95.34807692307693
255.69034090909088,95.67115384615384
255.7443181818182,95.77884615384617
255.5486505681818,95.66442307692309
255.23828125,96.08846153846154
254.82670454545453,96.31057692307694
254.50284090909088,96.20961538461539
254.15873579545453,96.41826923076924
253.80113636363637,96.2298076923077
253.49076704545453,96.4923076923077
253.18714488636363,96.61346153846154
253.1669034090909,96.67403846153847
252.97798295454544,96.74134615384615
252.76207386363635,96.39807692307693
252.30326704545453,96.64038461538463
252.10759943181816,97.12500000000001
251.93217329545453,97.42115384615386
251.79048295454544,97.40769230769232
251.5340909090909,97.62980769230771
251.21697443181816,97.65673076923078
251.13600852272725,97.56923076923078
250.74467329545453,97.42115384615386
250.50177556818178,97.7173076923077
249.9012784090909,97.77115384615385
249.9147727272727,97.96634615384617
249.8135653409091,98.04711538461538
249.85404829545453,97.89903846153847
249.82705965909088,97.70384615384616
249.92826704545453,97.25288461538463
249.9012784090909,97.41442307692307
249.77982954545453,97.77788461538464
249.9822443181818,97.65673076923078
249.99573863636363,97.87211538461538
250.0564630681818,97.81826923076925
250.0564630681818,97.71057692307693
250.2116477272727,97.75096153846154
250.23863636363635,97.87211538461538
249.87428977272725,98.25576923076923
250.2926136363636,98.0
250.01598011363637,98.4173076923077
250.02947443181816,98.26250000000002
250.14417613636363,98.49807692307694
250.15767045454544,98.90192307692308
250.42080965909088,98.90192307692308
250.67720170454544,99.25192307692309
250.4275568181818,99.34615384615385
249.98899147727272,99.42019230769232
249.65163352272725,99.36634615384615
249.86754261363635,99.36634615384615
250.1036931818182,99.32596153846154
250.1846590909091,99.06346153846155
250.25213068181816,99.4673076923077
249.79332386363637,99.46057692307694
248.7137784090909,99.52788461538462
246.95951704545453,99.54807692307693
243.53196022727272,99.52115384615387
240.2393465909091,99.65576923076924
239.1395596590909,99.91826923076923
238.70774147727272,99.99903846153846
238.22194602272725,100.03942307692309
237.8778409090909,100.30865384615386
237.63494318181816,100.51057692307694
237.55397727272725,100.75288461538462
237.81036931818178,100.87403846153848
237.87109375,100.99519230769232
238.1612215909091,100.9346153846154
238.34339488636363,100.52403846153847
238.35014204545453,100.11346153846155
238.29616477272728,100.15384615384617
238.06001420454544,100.40961538461539
237.52698863636363,100.80673076923078
237.31107954545456,101.53365384615385
237.0681818181818,101.37884615384617
237.13565340909088,101.25769230769231
237.00745738636363,101.22403846153846
236.6161221590909,101.12307692307694
236.5216619318182,100.71923076923076
235.84694602272728,100.70576923076923
235.28018465909088,100.68557692307694
234.55149147727272,100.17403846153847
234.16015625,100.07307692307694
233.96448863636363,99.96538461538464
233.29651988636363,99.62884615384617
232.85795454545453,99.82403846153846
232.37890625,99.72307692307693
231.88636363636363,99.48076923076924
231.75816761363635,99.28557692307693
231.58948863636363,99.07019230769231
231.6569602272727,99.09038461538462
231.7919034090909,99.31250000000001
231.77166193181816,100.15384615384617
231.7919034090909,100.40961538461539
231.44105113636363,100.1673076923077
231.3600852272727,100.14038461538462
231.43430397727272,99.95865384615385
231.46129261363637,99.69615384615386
231.6299715909091,99.25865384615385
231.7244318181818,99.56826923076925
231.75142045454547,99.74326923076924
231.89985795454544,99.85096153846155
231.7986505681818,99.84423076923078
231.53551136363637,99.91153846153847
231.47478693181816,100.0798076923077
231.61647727272725,100.03269230769232
232.04154829545456,99.96538461538464
231.89311079545453,99.87788461538462
232.0078125,100.09326923076924
231.8728693181818,100.45000000000002
232.0955255681818,100.73942307692307
232.11576704545453,100.55769230769232
231.96058238636363,100.4298076923077
231.76491477272725,100.58461538461539
231.78515624999997,100.56442307692308
231.69069602272725,100.30865384615386
231.59623579545453,100.42307692307692
231.3600852272727,100.61826923076924
231.21839488636363,100.26826923076923
230.8270596590909,100.2951923076923
230.46946022727272,100.0798076923077
230.21306818181816,99.70288461538462
229.92968749999997,99.31923076923078
229.53835227272725,98.98942307692307
229.1875,98.97596153846155
228.92436079545456,98.60576923076924
228.26313920454544,98.42403846153846
228.0134943181818,98.28269230769232
227.47372159090907,98.26923076923077
227.21058238636363,98.54519230769232
227.01491477272725,98.28269230769232
226.19850852272725,97.95961538461539
225.73295454545453,97.84519230769232
225.37535511363635,98.27596153846154
225.15944602272725,98.6394230769231
224.94353693181816,98.66634615384616
224.65340909090907,98.73365384615386
224.5859375,98.90192307692308
224.4240056818182,98.57884615384617
224.5049715909091,98.40384615384616
224.55220170454544,98.58557692307693
224.54545454545453,98.6394230769231
224.48473011363635,98.78750000000001
224.76136363636363,98.66634615384616
225.1796875,98.45769230769231
225.14595170454544,98.57211538461539
225.22017045454544,99.15769230769232
225.15269886363635,99.06346153846155
225.15269886363635,98.99615384615386
225.24715909090907,98.88846153846154
225.29438920454547,99.04326923076924
225.36860795454544,99.17115384615386
225.71946022727272,98.92884615384615
225.94211647727272,98.58557692307693
226.09730113636365,98.46442307692308
226.25248579545453,98.73365384615386
226.5763494318182,98.82115384615385
226.92045454545453,98.40384615384616
226.58309659090907,98.19519230769231
226.48188920454547,98.36346153846154
226.34019886363635,98.33653846153847
226.18501420454547,98.32307692307694
226.08380681818178,97.74423076923078
225.7666903409091,97.99326923076924
225.67223011363637,97.91250000000001
225.70596590909088,97.75769230769232
225.5575284090909,97.90576923076924
225.15944602272725,97.5894230769231
224.93678977272725,97.04423076923078
224.48473011363635,96.72788461538462
224.41051136363637,96.63365384615385
224.19460227272725,96.7548076923077
223.88423295454544,96.86250000000001
223.66157670454544,97.17884615384615
223.4794034090909,97.19903846153846
223.38494318181816,97.03076923076924
223.12180397727272,96.83557692307693
222.77095170454547,96.82884615384617
222.31889204545453,97.00384615384617
222.19069602272725,96.80865384615386
222.2244318181818,96.5326923076923
222.12322443181816,96.11538461538463
221.9275568181818,95.93365384615386
221.81960227272725,95.9201923076923
221.69815340909088,95.80576923076924
221.5497159090909,96.09519230769232
221.4754971590909,95.89326923076923
221.32705965909088,96.1423076923077
221.21235795454547,95.89326923076923
220.9627130681818,95.77884615384617
220.74680397727272,95.8125
220.72656249999997,95.57019230769232
221.07066761363635,95.35480769230769
221.21235795454547,95.2673076923077
220.85475852272725,95.3076923076923
220.69957386363637,95.71153846153847
220.3149857954545,95.65769230769232
220.1193181818182,95.7923076923077
220.34197443181816,95.84615384615385
220.5241477272727,95.85288461538462
220.61860795454547,95.86634615384617
220.4431818181818,95.91346153846155
219.95738636363635,95.91346153846155
220.14630681818178,96.11538461538463
220.13955965909088,96.06153846153846
219.97088068181816,96.27692307692308
220.00461647727272,96.70769230769233
219.9236505681818,96.72788461538462
219.7752130681818,96.91634615384616
219.8966619318182,96.78173076923078
219.86967329545453,96.60000000000001
219.984375,96.57980769230771
220.00461647727272,96.70096153846154
220.0653409090909,96.78846153846155
220.04509943181816,96.93653846153848
219.86292613636363,97.32692307692308
219.7684659090909,97.14519230769233
219.58629261363635,97.2125
219.43785511363637,97.4951923076923
219.49183238636363,97.34038461538462
219.6875,97.4951923076923
219.84268465909088,97.65673076923078
219.86967329545453,97.70384615384616
220.02485795454547,97.75096153846154
219.9911221590909,97.93269230769232
219.97088068181816,97.85865384615384
219.93714488636365,97.84519230769232
219.71448863636363,97.77115384615385
219.51882102272728,97.89903846153847
219.51207386363635,97.98653846153847
219.33664772727272,98.00673076923078
219.35014204545456,97.99326923076924
219.49183238636363,97.87211538461538
219.72123579545453,98.04038461538462
219.44460227272728,98.06057692307692
219.3231534090909,97.72403846153847
219.07350852272725,97.76442307692308
219.14772727272728,97.87211538461538
219.5255681818182,97.52211538461539
219.8224431818182,97.57596153846154
219.84268465909088,97.86538461538463
219.56605113636363,97.6971153846154
219.21519886363635,97.92596153846155
218.95880681818178,98.1076923076923
219.14098011363637,97.66346153846155
219.1814630681818,97.47500000000001
218.85085227272728,97.58269230769231
219.20170454545453,97.57596153846154
219.4783380681818,97.66346153846155
219.55930397727275,97.67692307692309
219.66051136363635,97.5894230769231
219.38387784090907,97.54903846153847
219.45134943181816,97.69038461538462
219.5390625,97.93269230769232
219.7684659090909,98.18846153846154
219.75497159090907,98.26923076923077
220.07883522727272,98.08076923076923
220.32848011363637,98.06057692307692
220.48366477272725,98.10096153846155
220.61860795454547,97.90576923076924
220.30149147727272,97.76442307692308
220.54438920454544,97.61634615384617
220.72656249999997,97.60288461538461
220.8075284090909,97.57596153846154
221.13139204545453,98.07403846153848
221.07066761363635,98.00673076923078
221.21910511363635,97.98653846153847
221.11115056818178,98.22211538461539
221.02343749999997,98.22211538461539
221.09765625,98.25576923076923
220.9019886363636,98.01346153846156
220.92897727272725,97.77788461538464
221.0841619318182,98.12115384615386
221.05042613636363,98.14807692307693
221.0369318181818,98.51826923076923
221.29332386363637,98.41057692307693
221.56321022727272,98.58557692307693
221.69815340909088,98.31634615384615
221.73863636363635,98.16153846153847
221.96129261363637,98.42403846153846
222.04225852272725,98.74038461538461
222.50106534090907,98.78750000000001
222.3796164772727,99.14423076923079
222.20419034090907,99.07019230769231
222.3458806818182,99.225
222.54154829545453,98.9625
222.62251420454544,98.96923076923078
222.4470880681818,99.16442307692309
222.3796164772727,99.33942307692308
222.55504261363637,99.42019230769232
222.69673295454544,99.43365384615385
222.8924005681818,99.34615384615385
223.00710227272725,99.34615384615385
223.18252840909088,99.95192307692308
223.6075994318182,100.10673076923077
223.7830255681818,99.85096153846155
223.94495738636365,99.70288461538462
223.9382102272727,99.80384615384617
223.96519886363635,99.91153846153847
224.16086647727272,99.89134615384616
224.39701704545453,100.20096153846156
224.62642045454547,100.88076923076923
224.82208806818178,101.10288461538462
224.8895596590909,101.37884615384617
225.15944602272725,101.26442307692308
225.2674005681818,101.44615384615385
225.2606534090909,101.78942307692307
225.01100852272728,102.03173076923078
225.43607954545453,102.05192307692309
225.4765625,102.38846153846156
225.6317471590909,102.53653846153847
225.64524147727272,102.47596153846155
225.67897727272728,102.38173076923078
225.90838068181816,102.7048076923077
226.11079545454544,102.81250000000001
226.31995738636363,102.92019230769232
226.42791193181816,103.44519230769231
226.29971590909088,103.47884615384616
226.56960227272728,103.5125
226.40092329545453,103.69423076923078
226.20525568181816,103.57307692307693
226.63707386363635,103.06826923076923
226.71803977272725,102.77211538461539
227.0284090909091,102.9
227.31178977272725,102.97403846153847
227.46697443181816,102.92019230769232
227.82457386363637,102.6173076923077
228.0067471590909,102.77211538461539
227.9325284090909,102.83942307692308
228.23615056818178,102.67115384615384
228.62748579545456,102.22019230769232
228.47230113636363,102.0721153846154
228.59375,102.1798076923077
228.77592329545453,102.04519230769232
228.5870028409091,102.23365384615384
228.6004971590909,101.8701923076923
228.59375,101.74903846153846
228.56001420454544,101.48653846153847
228.58025568181816,101.34519230769232
228.31711647727272,101.48653846153847
228.57350852272725,101.41923076923078
228.48579545454544,101.02211538461539
228.28338068181816,100.92115384615386
228.3845880681818,100.87403846153848
228.26313920454544,101.23076923076924
228.53302556818178,101.44615384615385
228.66796875,101.22403846153846
228.6814630681818,101.63461538461539
228.62748579545456,101.35865384615386
228.53977272727275,101.45288461538462
228.66796875,101.52019230769233
228.9041193181818,101.33173076923079
229.14026988636363,101.08942307692308
229.14701704545453,101.13653846153846
229.2077414772727,101.17692307692307
229.01882102272728,101.47307692307693
228.9041193181818,101.64134615384616
228.9783380681818,101.77596153846156
229.32919034090907,101.325
229.32244318181816,101.57403846153846
229.35617897727272,101.45288461538462
229.0458096590909,101.6548076923077
228.6747159090909,101.68173076923077
228.86363636363635,101.39903846153847
228.74218749999997,101.21057692307693
228.74218749999997,101.23076923076924
228.4588068181818,101.38557692307693
228.6207386363636,101.38557692307693
228.9176136363636,101.53365384615385
229.2752130681818,101.59423076923078
229.35617897727272,101.2173076923077
229.4911221590909,101.5875
229.72727272727272,101.2173076923077
229.84197443181816,101.23750000000001
229.97691761363637,101.25769230769231
230.0848721590909,101.23750000000001
230.3682528409091,101.12307692307694
230.48295454545456,101.11634615384615
230.84730113636363,101.19038461538463
231.0564630681818,101.2173076923077
231.66370738636365,100.83365384615385
232.13600852272728,101.49326923076923
232.70276988636363,101.49326923076923
232.99964488636363,101.59423076923078
233.67436079545453,101.5471153846154
234.80113636363635,101.19038461538463
236.56214488636363,101.91057692307693
237.37855113636363,103.68750000000001
238.82244318181816,103.74807692307692
241.62926136363635,104.22596153846155
245.19850852272728,103.92307692307693
247.58700284090907,104.02403846153848
247.70845170454544,105.32980769230771
247.86363636363637,105.90192307692308
247.49254261363635,106.47403846153847
247.3103693181818,106.62211538461538
247.99857954545453,106.77692307692307
248.65980113636363,106.77019230769231
248.94318181818178,106.75673076923078
249.42897727272725,105.97596153846153
249.44247159090907,105.65288461538462
249.53693181818178,105.55865384615386
249.69886363636363,105.53173076923078
250.12393465909088,104.92596153846154
250.1981534090909,104.82500000000002
250.3465909090909,104.6701923076923
250.71768465909088,104.57596153846156
250.5625,104.66346153846155
250.8728693181818,104.61634615384617
250.8661221590909,105.02019230769231
251.29119318181816,105.63942307692308
251.95241477272728,105.53173076923078
252.35724431818178,105.7673076923077
253.27485795454544,105.88846153846154
253.96306818181816,105.41057692307695
254.46910511363635,105.93557692307692
255.04261363636363,105.7471153846154
255.25852272727272,105.51826923076925
255.42045454545453,105.2826923076923
255.68359374999997,105.39711538461539
255.67684659090907,105.66634615384616
255.44069602272725,105.61250000000001
255.50142045454544,105.37692307692309
255.41370738636363,104.85865384615384
255.47443181818178,104.47500000000001
255.06285511363635,104.91250000000001
254.77272727272728,104.70384615384616
254.61079545454544,104.81153846153848
254.52982954545453,104.97307692307693
254.53657670454544,105.10769230769232
254.51633522727275,105.2826923076923
254.53657670454544,104.99326923076924
254.90767045454544,104.82500000000002
255.05610795454544,104.63653846153848
255.11683238636363,104.62307692307692
255.3799715909091,104.65673076923078
255.5419034090909,104.77115384615385
255.6970880681818,104.67692307692309
255.6228693181818,104.48173076923077
255.56214488636363,104.67692307692309
255.38671874999997,104.59615384615385
255.41370738636363,104.39423076923077
255.3732244318182,103.76153846153846
255.62961647727272,103.80865384615385
255.93323863636363,103.6201923076923
256.203125,103.55288461538461
256.20987215909093,103.47211538461539
256.34481534090907,103.37788461538463
256.3987926136364,103.78846153846153
256.2503551136364,104.07115384615386
256.3987926136364,104.09807692307693
256.8238636363636,103.95
257.05326704545456,103.80865384615385
256.8575994318182,103.74807692307692
256.8980823863636,103.6673076923077
257.06001420454544,103.27019230769233
257.51882102272725,103.38461538461539
257.59303977272725,102.92692307692307
257.44460227272725,102.86634615384617
257.5255681818182,102.67115384615384
258.05184659090907,102.59711538461539
258.65234375,102.52307692307693
258.93572443181813,102.00480769230771
259.2663352272727,101.64134615384616
259.31356534090907,101.25769230769231
259.38778409090907,100.98846153846154
259.54296875,101.07596153846154
259.765625,101.17019230769232
260.2446732954545,100.65865384615387
260.359375,100.65865384615387
260.58877840909093,100.55096153846154
260.67649147727275,99.9923076923077
260.7034801136363,100.24807692307692
260.9396306818182,99.81730769230771
261.5738636363636,99.60192307692307
261.6953125,99.49423076923077
261.7897727272727,99.2923076923077
262.03267045454544,99.47403846153847
262.3497869318182,99.15096153846154
262.6061789772727,99.2451923076923
262.7950994318182,99.21826923076924
262.8355823863636,99.25192307692309
262.92329545454544,99.45384615384616
263.12571022727275,99.4
263.0514914772727,99.40673076923078
263.0582386363636,99.41346153846153
263.02450284090907,99.44038461538463
263.29438920454544,99.42019230769232
263.61825284090907,99.39326923076923
263.7801846590909,99.29903846153847
263.9556107954545,99.05673076923077
264.0095880681818,98.7201923076923
263.9556107954545,99.13076923076923
263.8678977272727,98.99615384615386
263.9353693181818,99.2721153846154
263.9691051136364,99.33269230769233
263.8746448863636,99.83076923076923
263.7734375,99.33942307692308
263.6452414772727,99.40673076923078
263.39559659090907,99.34615384615385
263.625,99.19134615384617
263.8206676136364,99.32596153846154
263.79367897727275,99.60192307692307
264.03657670454544,99.56826923076925
264.0703125,99.55480769230769
264.1647727272727,99.6423076923077
264.1917613636364,99.50769230769232
264.0230823863636,99.75
264.1580255681818,99.12403846153848
264.2794744318182,99.51442307692308
264.3267045454545,99.2923076923077
264.3739346590909,99.41346153846153
263.80717329545456,99.95192307692308
263.6722301136364,99.89807692307693
264.0568181818182,99.91826923076923
263.91512784090907,99.74326923076924
264.12428977272725,99.66250000000001
264.0770596590909,99.45384615384616
263.8611505681818,99.65576923076924
263.5710227272727,99.53461538461539
263.7059659090909,99.4673076923077
263.5710227272727,99.56153846153846
263.6519886363636,99.33942307692308
263.6857244318182,99.38653846153846
263.7329545454545,99.42019230769232
264.01633522727275,99.37980769230771
264.19850852272725,99.575
264.3401988636363,99.70961538461539
264.21200284090907,99.59519230769232
264.0433238636363,99.83076923076923
263.7329545454545,99.50769230769232
263.60475852272725,99.26538461538462
263.6519886363636,99.81057692307692
263.6519886363636,100.26153846153848
263.60475852272725,100.22788461538462
263.60475852272725,99.91826923076923
263.5642755681818,99.59519230769232
263.59126420454544,99.70961538461539
263.8544034090909,99.4673076923077
263.6519886363636,99.54807692307693
263.84765625,99.44711538461539
263.4495738636363,99.28557692307693
263.4495738636363,99.91826923076923
263.2808948863636,99.66250000000001
263.1796875,99.75
262.92329545454544,99.74326923076924
262.7613636363636,99.44038461538463
262.7816051136364,99.65576923076924
262.2620738636363,98.65288461538462
262.13387784090907,99.17115384615386
261.76278409090907,99.34615384615385
261.68181818181813,99.25192307692309
261.8302556818182,99.40673076923078
261.9449573863636,99.7769230769231
262.1001420454545,99.54807692307693
262.1136363636364,99.46057692307694
261.97194602272725,99.60865384615386
261.9651988636364,99.48750000000001
261.6345880681818,99.66250000000001
261.5603693181818,99.97884615384615
261.2769886363636,99.97884615384615
261.1487926136364,100.14038461538462
261.14204545454544,100.26153846153848
260.85866477272725,99.91826923076923
261.0340909090909,100.30865384615386
260.3458806818182,99.72307692307693
260.21768465909093,100.55769230769232
260.26491477272725,101.24423076923077
259.8668323863636,101.55384615384615
259.81960227272725,101.64134615384616
259.5699573863636,101.70865384615387
259.62393465909093,101.81634615384617
259.74538352272725,101.95096153846154
