section id,recording id,timestamp [ns]
71cb6c6a-927f-462e-ba70-a0ceaa885e3b,8097783b-e684-476c-8b4d-3b1cf647ff75,1703060745818000000
71cb6c6a-927f-462e-ba70-a0ceaa885e3b,8097783b-e684-476c-8b4d-3b1cf647ff75,1703060745868000000
71cb6c6a-927f-462e-ba70-a0ceaa885e3b,8097783b-e684-476c-8b4d-3b1cf647ff75,1703060745918000000
71cb6c6a-927f-462e-ba70-a0ceaa885e3b,8097783b-e684-476c-8b4d-3b1cf647ff75,1703060745968000000
71cb6c6a-927f-462e-ba70-a0ceaa885e3b,8097783b-e684-476c-8b4d-3b1cf647ff75,1703060746018000000
71cb6c6a-927f-462e-ba70-a0ceaa885e3b,8097783b-e684-476c-8b4d-3b1cf647ff75,1703060746068000000
71cb6c6a-927f-462e-ba70-a0ceaa885e3b,8097783b-e684-476c-8b4d-3b1cf647ff75,1703060746118000000
71cb6c6a-927f-462e-ba70-a0ceaa885e3b,8097783b-e684-476c-8b4d-3b1cf647ff75,1703060746168000000
71cb6c6a-927f-462e-ba70-a0ceaa885e3b,8097783b-e684-476c-8b4d-3b1cf647ff75,1703060746218000000
71cb6c6a-927f-462e-ba70-a0ceaa885e3b,8097783b-e684-476c-8b4d-3b1cf647ff75,1703060746268000000
71cb6c6a-927f-462e-ba70-a0ceaa885e3b,8097783b-e684-476c-8b4d-3b1cf647ff75,1703060746318000000
71cb6c6a-927f-462e-ba70-a0ceaa885e3b,8097783b-e684-476c-8b4d-3b1cf647ff75,1703060746368000000
71cb6c6a-927f-462e-ba70-a0ceaa885e3b,8097783b-e684-476c-8b4d-3b1cf647ff75,1703060746418000000
71cb6c6a-927f-462e-ba70-a0ceaa885e3b,8097783b-e684-476c-8b4d-3b1cf647ff75,1703060746468000000
71cb6c6a-927f-462e-ba70-a0ceaa885e3b,8097783b-e684-476c-8b4d-3b1cf647ff75,1703060746518000000
71cb6c6a-927f-462e-ba70-a0ceaa885e3b,8097783b-e684-476c-8b4d-3b1cf647ff75,1703060746568000000
71cb6c6a-927f-462e-ba70-a0ceaa885e3b,8097783b-e684-476c-8b4d-3b1cf647ff75,1703060746618000000
71cb6c6a-927f-462e-ba70-a0ceaa885e3b,8097783b-e684-476c-8b4d-3b1cf647ff75,1703060746668000000
71cb6c6a-927f-462e-ba70-a0ceaa885e3b,8097783b-e684-476c-8b4d-3b1cf647ff75,1703060746718000000
71cb6c6a-927f-462e-ba70-a0ceaa885e3b,8097783b-e684-476c-8b4d-3b1cf647ff75,1703060746768000000
71cb6c6a-927f-462e-ba70-a0ceaa885e3b,8097783b-e684-476c-8b4d-3b1cf647ff75,1703060746818000000
71cb6c6a-927f-462e-ba70-a0ceaa885e3b,8097783b-e684-476c-8b4d-3b1cf647ff75,1703060746868000000
71cb6c6a-927f-462e-ba70-a0ceaa885e3b,8097783b-e684-476c-8b4d-3b1cf647ff75,1703060746918000000
71cb6c6a-927f-462e-ba70-a0ceaa885e3b,8097783b-e684-476c-8b4d-3b1cf647ff75,1703060746968000000
71cb6c6a-927f-462e-ba70-a0ceaa885e3b,8097783b-e684-476c-8b4d-3b1cf647ff75,1703060747018000000
71cb6c6a-927f-462e-ba70-a0ceaa885e3b,8097783b-e684-476c-8b4d-3b1cf647ff75,1703060747068000000
71cb6c6a-927f-462e-ba70-a0ceaa885e3b,8097783b-e684-476c-8b4d-3b1cf647ff75,1703060747118000000
71cb6c6a-927f-462e-ba70-a0ceaa885e3b,8097783b-e684-476c-8b4d-3b1cf647ff75,1703060747168000000
71cb6c6a-927f-462e-ba70-a0ceaa885e3b,8097783b-e684-476c-8b4d-3b1cf647ff75,1703060747218000000
71cb6c6a-927f-462e-ba70-a0ceaa885e3b,8097783b-e684-476c-8b4d-3b1cf647ff75,1703060747268000000
71cb6c6a-927f-462e-ba70-a0ceaa885e3b,8097783b-e684-476c-8b4d-3b1cf647ff75,1703060747318000000
71cb6c6a-927f-462e-ba70-a0ceaa885e3b,8097783b-e684-476c-8b4d-3b1cf647ff75,1703060747368000000
71cb6c6a-927f-462e-ba70-a0ceaa885e3b,8097783b-e684-476c-8b4d-3b1cf647ff75,1703060747418000000
71cb6c6a-927f-462e-ba70-a0ceaa885e3b,8097783b-e684-476c-8b4d-3b1cf647ff75,1703060747468000000
71cb6c6a-927f-462e-ba70-a0ceaa885e3b,8097783b-e684-476c-8b4d-3b1cf647ff75,1703060747518000000
71cb6c6a-927f-462e-ba70-a0ceaa885e3b,8097783b-e684-476c-8b4d-3b1cf647ff75,1703060747568000000
71cb6c6a-927f-462e-ba70-a0ceaa885e3b,8097783b-e684-476c-8b4d-3b1cf647ff75,1703060747618000000
71cb6c6a-927f-462e-ba70-a0ceaa885e3b,8097783b-e684-476c-8b4d-3b1cf647ff75,1703060747668000000
71cb6c6a-927f-462e-ba70-a0ceaa885e3b,8097783b-e684-476c-8b4d-3b1cf647ff75,1703060747718000000
71cb6c6a-927f-462e-ba70-a0ceaa885e3b,8097783b-e684-476c-8b4d-3b1cf647ff75,1703060747768000000
71cb6c6a-927f-462e-ba70-a0ceaa885e3b,8097783b-e684-476c-8b4d-3b1cf647ff75,1703060747818000000
71cb6c6a-927f-462e-ba70-a0ceaa885e3b,8097783b-e684-476c-8b4d-3b1cf647ff75,1703060747867999999
71cb6c6a-927f-462e-ba70-a0ceaa885e3b,8097783b-e684-476c-8b4d-3b1cf647ff75,1703060747918000000
71cb6c6a-927f-462e-ba70-a0ceaa885e3b,8097783b-e684-476c-8b4d-3b1cf647ff75,1703060747968000000
71cb6c6a-927f-462e-ba70-a0ceaa885e3b,8097783b-e684-476c-8b4d-3b1cf647ff75,1703060748018000000
71cb6c6a-927f-462e-ba70-a0ceaa885e3b,8097783b-e684-476c-8b4d-3b1cf647ff75,1703060748068000000
71cb6c6a-927f-462e-ba70-a0ceaa885e3b,8097783b-e684-476c-8b4d-3b1cf647ff75,1703060748118000000
71cb6c6a-927f-462e-ba70-a0ceaa885e3b,8097783b-e684-476c-8b4d-3b1cf647ff75,1703060748168000000
71cb6c6a-927f-462e-ba70-a0ceaa885e3b,8097783b-e684-476c-8b4d-3b1cf647ff75,1703060748218000000
71cb6c6a-927f-462e-ba70-a0ceaa885e3b,8097783b-e684-476c-8b4d-3b1cf647ff75,1703060748268000000
71cb6c6a-927f-462e-ba70-a0ceaa885e3b,8097783b-e684-476c-8b4d-3b1cf647ff75,1703060748318000000
71cb6c6a-927f-462e-ba70-a0ceaa885e3b,8097783b-e684-476c-8b4d-3b1cf647ff75,1703060748368000000
71cb6c6a-927f-462e-ba70-a0ceaa885e3b,8097783b-e684-476c-8b4d-3b1cf647ff75,1703060748418000000
71cb6c6a-927f-462e-ba70-a0ceaa885e3b,8097783b-e684-476c-8b4d-3b1cf647ff75,1703060748468000000
71cb6c6a-927f-462e-ba70-a0ceaa885e3b,8097783b-e684-476c-8b4d-3b1cf647ff75,1703060748518000000
71cb6c6a-927f-462e-ba70-a0ceaa885e3b,8097783b-e684-476c-8b4d-3b1cf647ff75,1703060748568000000
71cb6c6a-927f-462e-ba70-a0ceaa885e3b,8097783b-e684-476c-8b4d-3b1cf647ff75,1703060748568600000
71cb6c6a-927f-462e-ba70-a0ceaa885e3b,8097783b-e684-476c-8b4d-3b1cf647ff75,1703060748668566666
71cb6c6a-927f-462e-ba70-a0ceaa885e3b,8097783b-e684-476c-8b4d-3b1cf647ff75,1703060748768844444
71cb6c6a-927f-462e-ba70-a0ceaa885e3b,8097783b-e684-476c-8b4d-3b1cf647ff75,1703060748868633333
71cb6c6a-927f-462e-ba70-a0ceaa885e3b,8097783b-e684-476c-8b4d-3b1cf647ff75,1703060748968566666
71cb6c6a-927f-462e-ba70-a0ceaa885e3b,8097783b-e684-476c-8b4d-3b1cf647ff75,1703060749068566666
71cb6c6a-927f-462e-ba70-a0ceaa885e3b,8097783b-e684-476c-8b4d-3b1cf647ff75,1703060749168611111
71cb6c6a-927f-462e-ba70-a0ceaa885e3b,8097783b-e684-476c-8b4d-3b1cf647ff75,1703060749269000000
71cb6c6a-927f-462e-ba70-a0ceaa885e3b,8097783b-e684-476c-8b4d-3b1cf647ff75,1703060749368833333
71cb6c6a-927f-462e-ba70-a0ceaa885e3b,8097783b-e684-476c-8b4d-3b1cf647ff75,1703060749468588888
71cb6c6a-927f-462e-ba70-a0ceaa885e3b,8097783b-e684-476c-8b4d-3b1cf647ff75,1703060749568744444
71cb6c6a-927f-462e-ba70-a0ceaa885e3b,8097783b-e684-476c-8b4d-3b1cf647ff75,1703060749668644444
71cb6c6a-927f-462e-ba70-a0ceaa885e3b,8097783b-e684-476c-8b4d-3b1cf647ff75,1703060749768611111
71cb6c6a-927f-462e-ba70-a0ceaa885e3b,8097783b-e684-476c-8b4d-3b1cf647ff75,1703060749868677777
71cb6c6a-927f-462e-ba70-a0ceaa885e3b,8097783b-e684-476c-8b4d-3b1cf647ff75,1703060749968622222
71cb6c6a-927f-462e-ba70-a0ceaa885e3b,8097783b-e684-476c-8b4d-3b1cf647ff75,1703060750068633333
71cb6c6a-927f-462e-ba70-a0ceaa885e3b,8097783b-e684-476c-8b4d-3b1cf647ff75,1703060750171211111
71cb6c6a-927f-462e-ba70-a0ceaa885e3b,8097783b-e684-476c-8b4d-3b1cf647ff75,1703060750268611111
71cb6c6a-927f-462e-ba70-a0ceaa885e3b,8097783b-e684-476c-8b4d-3b1cf647ff75,1703060750368655555
71cb6c6a-927f-462e-ba70-a0ceaa885e3b,8097783b-e684-476c-8b4d-3b1cf647ff75,1703060750468633333
71cb6c6a-927f-462e-ba70-a0ceaa885e3b,8097783b-e684-476c-8b4d-3b1cf647ff75,1703060750568588888
71cb6c6a-927f-462e-ba70-a0ceaa885e3b,8097783b-e684-476c-8b4d-3b1cf647ff75,1703060750668588888
71cb6c6a-927f-462e-ba70-a0ceaa885e3b,8097783b-e684-476c-8b4d-3b1cf647ff75,1703060750768633333
71cb6c6a-927f-462e-ba70-a0ceaa885e3b,8097783b-e684-476c-8b4d-3b1cf647ff75,1703060750868633333
71cb6c6a-927f-462e-ba70-a0ceaa885e3b,8097783b-e684-476c-8b4d-3b1cf647ff75,1703060750968655555
71cb6c6a-927f-462e-ba70-a0ceaa885e3b,8097783b-e684-476c-8b4d-3b1cf647ff75,1703060751068666666
71cb6c6a-927f-462e-ba70-a0ceaa885e3b,8097783b-e684-476c-8b4d-3b1cf647ff75,1703060751168800000
71cb6c6a-927f-462e-ba70-a0ceaa885e3b,8097783b-e684-476c-8b4d-3b1cf647ff75,1703060751268711111
71cb6c6a-927f-462e-ba70-a0ceaa885e3b,8097783b-e684-476c-8b4d-3b1cf647ff75,1703060751369411111
71cb6c6a-927f-462e-ba70-a0ceaa885e3b,8097783b-e684-476c-8b4d-3b1cf647ff75,1703060751468611111
71cb6c6a-927f-462e-ba70-a0ceaa885e3b,8097783b-e684-476c-8b4d-3b1cf647ff75,1703060751568622222
71cb6c6a-927f-462e-ba70-a0ceaa885e3b,8097783b-e684-476c-8b4d-3b1cf647ff75,1703060751668655555
71cb6c6a-927f-462e-ba70-a0ceaa885e3b,8097783b-e684-476c-8b4d-3b1cf647ff75,1703060751768600000
71cb6c6a-927f-462e-ba70-a0ceaa885e3b,8097783b-e684-476c-8b4d-3b1cf647ff75,1703060751868666666
71cb6c6a-927f-462e-ba70-a0ceaa885e3b,8097783b-e684-476c-8b4d-3b1cf647ff75,1703060751968633333
71cb6c6a-927f-462e-ba70-a0ceaa885e3b,8097783b-e684-476c-8b4d-3b1cf647ff75,1703060752068622222
71cb6c6a-927f-462e-ba70-a0ceaa885e3b,8097783b-e684-476c-8b4d-3b1cf647ff75,1703060752168611111
71cb6c6a-927f-462e-ba70-a0ceaa885e3b,8097783b-e684-476c-8b4d-3b1cf647ff75,1703060752268844444
71cb6c6a-927f-462e-ba70-a0ceaa885e3b,8097783b-e684-476c-8b4d-3b1cf647ff75,1703060752368755555
71cb6c6a-927f-462e-ba70-a0ceaa885e3b,8097783b-e684-476c-8b4d-3b1cf647ff75,1703060752468611111
71cb6c6a-927f-462e-ba70-a0ceaa885e3b,8097783b-e684-476c-8b4d-3b1cf647ff75,1703060752568788888
71cb6c6a-927f-462e-ba70-a0ceaa885e3b,8097783b-e684-476c-8b4d-3b1cf647ff75,1703060752668633333
71cb6c6a-927f-462e-ba70-a0ceaa885e3b,8097783b-e684-476c-8b4d-3b1cf647ff75,1703060752768588888
71cb6c6a-927f-462e-ba70-a0ceaa885e3b,8097783b-e684-476c-8b4d-3b1cf647ff75,1703060752868922222
71cb6c6a-927f-462e-ba70-a0ceaa885e3b,8097783b-e684-476c-8b4d-3b1cf647ff75,1703060752968700000
71cb6c6a-927f-462e-ba70-a0ceaa885e3b,8097783b-e684-476c-8b4d-3b1cf647ff75,1703060753068588888
71cb6c6a-927f-462e-ba70-a0ceaa885e3b,8097783b-e684-476c-8b4d-3b1cf647ff75,1703060753168788888
71cb6c6a-927f-462e-ba70-a0ceaa885e3b,8097783b-e684-476c-8b4d-3b1cf647ff75,1703060753268566666
71cb6c6a-927f-462e-ba70-a0ceaa885e3b,8097783b-e684-476c-8b4d-3b1cf647ff75,1703060753368600000
71cb6c6a-927f-462e-ba70-a0ceaa885e3b,8097783b-e684-476c-8b4d-3b1cf647ff75,1703060753468566666
71cb6c6a-927f-462e-ba70-a0ceaa885e3b,8097783b-e684-476c-8b4d-3b1cf647ff75,1703060753568755555
71cb6c6a-927f-462e-ba70-a0ceaa885e3b,8097783b-e684-476c-8b4d-3b1cf647ff75,1703060753668677777
71cb6c6a-927f-462e-ba70-a0ceaa885e3b,8097783b-e684-476c-8b4d-3b1cf647ff75,1703060753768600000
71cb6c6a-927f-462e-ba70-a0ceaa885e3b,8097783b-e684-476c-8b4d-3b1cf647ff75,1703060753868611111
71cb6c6a-927f-462e-ba70-a0ceaa885e3b,8097783b-e684-476c-8b4d-3b1cf647ff75,1703060753968566666
71cb6c6a-927f-462e-ba70-a0ceaa885e3b,8097783b-e684-476c-8b4d-3b1cf647ff75,1703060754068611111
71cb6c6a-927f-462e-ba70-a0ceaa885e3b,8097783b-e684-476c-8b4d-3b1cf647ff75,1703060754168655555
71cb6c6a-927f-462e-ba70-a0ceaa885e3b,8097783b-e684-476c-8b4d-3b1cf647ff75,1703060754268533333
71cb6c6a-927f-462e-ba70-a0ceaa885e3b,8097783b-e684-476c-8b4d-3b1cf647ff75,1703060754368633333
71cb6c6a-927f-462e-ba70-a0ceaa885e3b,8097783b-e684-476c-8b4d-3b1cf647ff75,1703060754468633333
71cb6c6a-927f-462e-ba70-a0ceaa885e3b,8097783b-e684-476c-8b4d-3b1cf647ff75,1703060754568611111
71cb6c6a-927f-462e-ba70-a0ceaa885e3b,8097783b-e684-476c-8b4d-3b1cf647ff75,1703060754668655555
71cb6c6a-927f-462e-ba70-a0ceaa885e3b,8097783b-e684-476c-8b4d-3b1cf647ff75,1703060754768811111
71cb6c6a-927f-462e-ba70-a0ceaa885e3b,8097783b-e684-476c-8b4d-3b1cf647ff75,1703060754868611111
71cb6c6a-927f-462e-ba70-a0ceaa885e3b,8097783b-e684-476c-8b4d-3b1cf647ff75,1703060754968644444
71cb6c6a-927f-462e-ba70-a0ceaa885e3b,8097783b-e684-476c-8b4d-3b1cf647ff75,1703060755068588888
71cb6c6a-927f-462e-ba70-a0ceaa885e3b,8097783b-e684-476c-8b4d-3b1cf647ff75,1703060755172000000
71cb6c6a-927f-462e-ba70-a0ceaa885e3b,8097783b-e684-476c-8b4d-3b1cf647ff75,1703060755268655555
71cb6c6a-927f-462e-ba70-a0ceaa885e3b,8097783b-e684-476c-8b4d-3b1cf647ff75,1703060755368755555
71cb6c6a-927f-462e-ba70-a0ceaa885e3b,8097783b-e684-476c-8b4d-3b1cf647ff75,1703060755468622222
71cb6c6a-927f-462e-ba70-a0ceaa885e3b,8097783b-e684-476c-8b4d-3b1cf647ff75,1703060755568633333
71cb6c6a-927f-462e-ba70-a0ceaa885e3b,8097783b-e684-476c-8b4d-3b1cf647ff75,1703060755668677777
71cb6c6a-927f-462e-ba70-a0ceaa885e3b,8097783b-e684-476c-8b4d-3b1cf647ff75,1703060755768600000
71cb6c6a-927f-462e-ba70-a0ceaa885e3b,8097783b-e684-476c-8b4d-3b1cf647ff75,1703060755868888888
71cb6c6a-927f-462e-ba70-a0ceaa885e3b,8097783b-e684-476c-8b4d-3b1cf647ff75,1703060755968755555
71cb6c6a-927f-462e-ba70-a0ceaa885e3b,8097783b-e684-476c-8b4d-3b1cf647ff75,1703060756068611111
71cb6c6a-927f-462e-ba70-a0ceaa885e3b,8097783b-e684-476c-8b4d-3b1cf647ff75,1703060756168966666
71cb6c6a-927f-462e-ba70-a0ceaa885e3b,8097783b-e684-476c-8b4d-3b1cf647ff75,1703060756268733333
71cb6c6a-927f-462e-ba70-a0ceaa885e3b,8097783b-e684-476c-8b4d-3b1cf647ff75,1703060756368733333
71cb6c6a-927f-462e-ba70-a0ceaa885e3b,8097783b-e684-476c-8b4d-3b1cf647ff75,1703060756468611111
71cb6c6a-927f-462e-ba70-a0ceaa885e3b,8097783b-e684-476c-8b4d-3b1cf647ff75,1703060756568622222
71cb6c6a-927f-462e-ba70-a0ceaa885e3b,8097783b-e684-476c-8b4d-3b1cf647ff75,1703060756668644444
71cb6c6a-927f-462e-ba70-a0ceaa885e3b,8097783b-e684-476c-8b4d-3b1cf647ff75,1703060756768588888
71cb6c6a-927f-462e-ba70-a0ceaa885e3b,8097783b-e684-476c-8b4d-3b1cf647ff75,1703060756868622222
71cb6c6a-927f-462e-ba70-a0ceaa885e3b,8097783b-e684-476c-8b4d-3b1cf647ff75,1703060756968611111
71cb6c6a-927f-462e-ba70-a0ceaa885e3b,8097783b-e684-476c-8b4d-3b1cf647ff75,1703060757068600000
71cb6c6a-927f-462e-ba70-a0ceaa885e3b,8097783b-e684-476c-8b4d-3b1cf647ff75,1703060757168677777
71cb6c6a-927f-462e-ba70-a0ceaa885e3b,8097783b-e684-476c-8b4d-3b1cf647ff75,1703060757268688888
71cb6c6a-927f-462e-ba70-a0ceaa885e3b,8097783b-e684-476c-8b4d-3b1cf647ff75,1703060757368655555
71cb6c6a-927f-462e-ba70-a0ceaa885e3b,8097783b-e684-476c-8b4d-3b1cf647ff75,1703060757468700000
71cb6c6a-927f-462e-ba70-a0ceaa885e3b,8097783b-e684-476c-8b4d-3b1cf647ff75,1703060757572566666
71cb6c6a-927f-462e-ba70-a0ceaa885e3b,8097783b-e684-476c-8b4d-3b1cf647ff75,1703060757672533333
71cb6c6a-927f-462e-ba70-a0ceaa885e3b,8097783b-e684-476c-8b4d-3b1cf647ff75,1703060757772588888
71cb6c6a-927f-462e-ba70-a0ceaa885e3b,8097783b-e684-476c-8b4d-3b1cf647ff75,1703060757872566666
71cb6c6a-927f-462e-ba70-a0ceaa885e3b,8097783b-e684-476c-8b4d-3b1cf647ff75,1703060757972555555
71cb6c6a-927f-462e-ba70-a0ceaa885e3b,8097783b-e684-476c-8b4d-3b1cf647ff75,1703060758072977777
71cb6c6a-927f-462e-ba70-a0ceaa885e3b,8097783b-e684-476c-8b4d-3b1cf647ff75,1703060758172544444
71cb6c6a-927f-462e-ba70-a0ceaa885e3b,8097783b-e684-476c-8b4d-3b1cf647ff75,1703060758272600000
71cb6c6a-927f-462e-ba70-a0ceaa885e3b,8097783b-e684-476c-8b4d-3b1cf647ff75,1703060758372755555
71cb6c6a-927f-462e-ba70-a0ceaa885e3b,8097783b-e684-476c-8b4d-3b1cf647ff75,1703060758472611111
71cb6c6a-927f-462e-ba70-a0ceaa885e3b,8097783b-e684-476c-8b4d-3b1cf647ff75,1703060758572588888
71cb6c6a-927f-462e-ba70-a0ceaa885e3b,8097783b-e684-476c-8b4d-3b1cf647ff75,1703060758672566666
71cb6c6a-927f-462e-ba70-a0ceaa885e3b,8097783b-e684-476c-8b4d-3b1cf647ff75,1703060758773844444
71cb6c6a-927f-462e-ba70-a0ceaa885e3b,8097783b-e684-476c-8b4d-3b1cf647ff75,1703060758874655555
71cb6c6a-927f-462e-ba70-a0ceaa885e3b,8097783b-e684-476c-8b4d-3b1cf647ff75,1703060758972922222
71cb6c6a-927f-462e-ba70-a0ceaa885e3b,8097783b-e684-476c-8b4d-3b1cf647ff75,1703060759072600000
71cb6c6a-927f-462e-ba70-a0ceaa885e3b,8097783b-e684-476c-8b4d-3b1cf647ff75,1703060759172600000
71cb6c6a-927f-462e-ba70-a0ceaa885e3b,8097783b-e684-476c-8b4d-3b1cf647ff75,1703060759272611111
71cb6c6a-927f-462e-ba70-a0ceaa885e3b,8097783b-e684-476c-8b4d-3b1cf647ff75,1703060759372666666
71cb6c6a-927f-462e-ba70-a0ceaa885e3b,8097783b-e684-476c-8b4d-3b1cf647ff75,1703060759472600000
71cb6c6a-927f-462e-ba70-a0ceaa885e3b,8097783b-e684-476c-8b4d-3b1cf647ff75,1703060759572622222
71cb6c6a-927f-462e-ba70-a0ceaa885e3b,8097783b-e684-476c-8b4d-3b1cf647ff75,1703060759672666666
71cb6c6a-927f-462e-ba70-a0ceaa885e3b,8097783b-e684-476c-8b4d-3b1cf647ff75,1703060759772633333
71cb6c6a-927f-462e-ba70-a0ceaa885e3b,8097783b-e684-476c-8b4d-3b1cf647ff75,1703060759872955555
71cb6c6a-927f-462e-ba70-a0ceaa885e3b,8097783b-e684-476c-8b4d-3b1cf647ff75,1703060759972600000
71cb6c6a-927f-462e-ba70-a0ceaa885e3b,8097783b-e684-476c-8b4d-3b1cf647ff75,1703060760072600000
71cb6c6a-927f-462e-ba70-a0ceaa885e3b,8097783b-e684-476c-8b4d-3b1cf647ff75,1703060760172611111
71cb6c6a-927f-462e-ba70-a0ceaa885e3b,8097783b-e684-476c-8b4d-3b1cf647ff75,1703060760272755555
71cb6c6a-927f-462e-ba70-a0ceaa885e3b,8097783b-e684-476c-8b4d-3b1cf647ff75,1703060760372600000
71cb6c6a-927f-462e-ba70-a0ceaa885e3b,8097783b-e684-476c-8b4d-3b1cf647ff75,1703060760472577777
71cb6c6a-927f-462e-ba70-a0ceaa885e3b,8097783b-e684-476c-8b4d-3b1cf647ff75,1703060760572600000
71cb6c6a-927f-462e-ba70-a0ceaa885e3b,8097783b-e684-476c-8b4d-3b1cf647ff75,1703060760672600000
71cb6c6a-927f-462e-ba70-a0ceaa885e3b,8097783b-e684-476c-8b4d-3b1cf647ff75,1703060760772622222
71cb6c6a-927f-462e-ba70-a0ceaa885e3b,8097783b-e684-476c-8b4d-3b1cf647ff75,1703060760872600000
71cb6c6a-927f-462e-ba70-a0ceaa885e3b,8097783b-e684-476c-8b4d-3b1cf647ff75,1703060760972577777
71cb6c6a-927f-462e-ba70-a0ceaa885e3b,8097783b-e684-476c-8b4d-3b1cf647ff75,1703060761072611111
71cb6c6a-927f-462e-ba70-a0ceaa885e3b,8097783b-e684-476c-8b4d-3b1cf647ff75,1703060761172644444
71cb6c6a-927f-462e-ba70-a0ceaa885e3b,8097783b-e684-476c-8b4d-3b1cf647ff75,1703060761272588888
71cb6c6a-927f-462e-ba70-a0ceaa885e3b,8097783b-e684-476c-8b4d-3b1cf647ff75,1703060761372666666
71cb6c6a-927f-462e-ba70-a0ceaa885e3b,8097783b-e684-476c-8b4d-3b1cf647ff75,1703060761472622222
71cb6c6a-927f-462e-ba70-a0ceaa885e3b,8097783b-e684-476c-8b4d-3b1cf647ff75,1703060761572666666
71cb6c6a-927f-462e-ba70-a0ceaa885e3b,8097783b-e684-476c-8b4d-3b1cf647ff75,1703060761672644444
71cb6c6a-927f-462e-ba70-a0ceaa885e3b,8097783b-e684-476c-8b4d-3b1cf647ff75,1703060761772611111
71cb6c6a-927f-462e-ba70-a0ceaa885e3b,8097783b-e684-476c-8b4d-3b1cf647ff75,1703060761872711111
71cb6c6a-927f-462e-ba70-a0ceaa885e3b,8097783b-e684-476c-8b4d-3b1cf647ff75,1703060761973033333
71cb6c6a-927f-462e-ba70-a0ceaa885e3b,8097783b-e684-476c-8b4d-3b1cf647ff75,1703060762072722222
71cb6c6a-927f-462e-ba70-a0ceaa885e3b,8097783b-e684-476c-8b4d-3b1cf647ff75,1703060762174333333
71cb6c6a-927f-462e-ba70-a0ceaa885e3b,8097783b-e684-476c-8b4d-3b1cf647ff75,1703060762272622222
71cb6c6a-927f-462e-ba70-a0ceaa885e3b,8097783b-e684-476c-8b4d-3b1cf647ff75,1703060762372600000
71cb6c6a-927f-462e-ba70-a0ceaa885e3b,8097783b-e684-476c-8b4d-3b1cf647ff75,1703060762472611111
71cb6c6a-927f-462e-ba70-a0ceaa885e3b,8097783b-e684-476c-8b4d-3b1cf647ff75,1703060762572588888
71cb6c6a-927f-462e-ba70-a0ceaa885e3b,8097783b-e684-476c-8b4d-3b1cf647ff75,1703060762676799999
71cb6c6a-927f-462e-ba70-a0ceaa885e3b,8097783b-e684-476c-8b4d-3b1cf647ff75,1703060762772600000
71cb6c6a-927f-462e-ba70-a0ceaa885e3b,8097783b-e684-476c-8b4d-3b1cf647ff75,1703060762872555555
71cb6c6a-927f-462e-ba70-a0ceaa885e3b,8097783b-e684-476c-8b4d-3b1cf647ff75,1703060762972577777
71cb6c6a-927f-462e-ba70-a0ceaa885e3b,8097783b-e684-476c-8b4d-3b1cf647ff75,1703060763072777777
71cb6c6a-927f-462e-ba70-a0ceaa885e3b,8097783b-e684-476c-8b4d-3b1cf647ff75,1703060763172555555
71cb6c6a-927f-462e-ba70-a0ceaa885e3b,8097783b-e684-476c-8b4d-3b1cf647ff75,1703060763272577777
71cb6c6a-927f-462e-ba70-a0ceaa885e3b,8097783b-e684-476c-8b4d-3b1cf647ff75,1703060763372911111
71cb6c6a-927f-462e-ba70-a0ceaa885e3b,8097783b-e684-476c-8b4d-3b1cf647ff75,1703060763472566666
71cb6c6a-927f-462e-ba70-a0ceaa885e3b,8097783b-e684-476c-8b4d-3b1cf647ff75,1703060763573166666
71cb6c6a-927f-462e-ba70-a0ceaa885e3b,8097783b-e684-476c-8b4d-3b1cf647ff75,1703060763673211111
71cb6c6a-927f-462e-ba70-a0ceaa885e3b,8097783b-e684-476c-8b4d-3b1cf647ff75,1703060763772544444
71cb6c6a-927f-462e-ba70-a0ceaa885e3b,8097783b-e684-476c-8b4d-3b1cf647ff75,1703060763872744444
71cb6c6a-927f-462e-ba70-a0ceaa885e3b,8097783b-e684-476c-8b4d-3b1cf647ff75,1703060763972600000
71cb6c6a-927f-462e-ba70-a0ceaa885e3b,8097783b-e684-476c-8b4d-3b1cf647ff75,1703060764073588888
71cb6c6a-927f-462e-ba70-a0ceaa885e3b,8097783b-e684-476c-8b4d-3b1cf647ff75,1703060764173022222
71cb6c6a-927f-462e-ba70-a0ceaa885e3b,8097783b-e684-476c-8b4d-3b1cf647ff75,1703060764272655555
71cb6c6a-927f-462e-ba70-a0ceaa885e3b,8097783b-e684-476c-8b4d-3b1cf647ff75,1703060764375111111
71cb6c6a-927f-462e-ba70-a0ceaa885e3b,8097783b-e684-476c-8b4d-3b1cf647ff75,1703060764472611111
71cb6c6a-927f-462e-ba70-a0ceaa885e3b,8097783b-e684-476c-8b4d-3b1cf647ff75,1703060764572622222
71cb6c6a-927f-462e-ba70-a0ceaa885e3b,8097783b-e684-476c-8b4d-3b1cf647ff75,1703060764672655555
71cb6c6a-927f-462e-ba70-a0ceaa885e3b,8097783b-e684-476c-8b4d-3b1cf647ff75,1703060764772777777
71cb6c6a-927f-462e-ba70-a0ceaa885e3b,8097783b-e684-476c-8b4d-3b1cf647ff75,1703060764875844444
71cb6c6a-927f-462e-ba70-a0ceaa885e3b,8097783b-e684-476c-8b4d-3b1cf647ff75,1703060764976366666
71cb6c6a-927f-462e-ba70-a0ceaa885e3b,8097783b-e684-476c-8b4d-3b1cf647ff75,1703060765072622222
71cb6c6a-927f-462e-ba70-a0ceaa885e3b,8097783b-e684-476c-8b4d-3b1cf647ff75,1703060765172655555
71cb6c6a-927f-462e-ba70-a0ceaa885e3b,8097783b-e684-476c-8b4d-3b1cf647ff75,1703060765272600000
71cb6c6a-927f-462e-ba70-a0ceaa885e3b,8097783b-e684-476c-8b4d-3b1cf647ff75,1703060765372755555
71cb6c6a-927f-462e-ba70-a0ceaa885e3b,8097783b-e684-476c-8b4d-3b1cf647ff75,1703060765473066666
71cb6c6a-927f-462e-ba70-a0ceaa885e3b,8097783b-e684-476c-8b4d-3b1cf647ff75,1703060765572633333
71cb6c6a-927f-462e-ba70-a0ceaa885e3b,8097783b-e684-476c-8b4d-3b1cf647ff75,1703060765672833333
71cb6c6a-927f-462e-ba70-a0ceaa885e3b,8097783b-e684-476c-8b4d-3b1cf647ff75,1703060765772644444
71cb6c6a-927f-462e-ba70-a0ceaa885e3b,8097783b-e684-476c-8b4d-3b1cf647ff75,1703060765872622222
71cb6c6a-927f-462e-ba70-a0ceaa885e3b,8097783b-e684-476c-8b4d-3b1cf647ff75,1703060765973011111
71cb6c6a-927f-462e-ba70-a0ceaa885e3b,8097783b-e684-476c-8b4d-3b1cf647ff75,1703060766072633333
71cb6c6a-927f-462e-ba70-a0ceaa885e3b,8097783b-e684-476c-8b4d-3b1cf647ff75,1703060766172677777
71cb6c6a-927f-462e-ba70-a0ceaa885e3b,8097783b-e684-476c-8b4d-3b1cf647ff75,1703060766272733333
71cb6c6a-927f-462e-ba70-a0ceaa885e3b,8097783b-e684-476c-8b4d-3b1cf647ff75,1703060766372588888
71cb6c6a-927f-462e-ba70-a0ceaa885e3b,8097783b-e684-476c-8b4d-3b1cf647ff75,1703060766472900000
71cb6c6a-927f-462e-ba70-a0ceaa885e3b,8097783b-e684-476c-8b4d-3b1cf647ff75,1703060766572711111
71cb6c6a-927f-462e-ba70-a0ceaa885e3b,8097783b-e684-476c-8b4d-3b1cf647ff75,1703060766672644444
71cb6c6a-927f-462e-ba70-a0ceaa885e3b,8097783b-e684-476c-8b4d-3b1cf647ff75,1703060766772622222
71cb6c6a-927f-462e-ba70-a0ceaa885e3b,8097783b-e684-476c-8b4d-3b1cf647ff75,1703060766872666666
71cb6c6a-927f-462e-ba70-a0ceaa885e3b,8097783b-e684-476c-8b4d-3b1cf647ff75,1703060766972644444
71cb6c6a-927f-462e-ba70-a0ceaa885e3b,8097783b-e684-476c-8b4d-3b1cf647ff75,1703060767074011111
71cb6c6a-927f-462e-ba70-a0ceaa885e3b,8097783b-e684-476c-8b4d-3b1cf647ff75,1703060767172644444
71cb6c6a-927f-462e-ba70-a0ceaa885e3b,8097783b-e684-476c-8b4d-3b1cf647ff75,1703060767272600000
71cb6c6a-927f-462e-ba70-a0ceaa885e3b,8097783b-e684-476c-8b4d-3b1cf647ff75,1703060767372922222
71cb6c6a-927f-462e-ba70-a0ceaa885e3b,8097783b-e684-476c-8b4d-3b1cf647ff75,1703060767472666666
71cb6c6a-927f-462e-ba70-a0ceaa885e3b,8097783b-e684-476c-8b4d-3b1cf647ff75,1703060767572633333
71cb6c6a-927f-462e-ba70-a0ceaa885e3b,8097783b-e684-476c-8b4d-3b1cf647ff75,1703060767672611111
71cb6c6a-927f-462e-ba70-a0ceaa885e3b,8097783b-e684-476c-8b4d-3b1cf647ff75,1703060767772955555
71cb6c6a-927f-462e-ba70-a0ceaa885e3b,8097783b-e684-476c-8b4d-3b1cf647ff75,1703060767872622222
71cb6c6a-927f-462e-ba70-a0ceaa885e3b,8097783b-e684-476c-8b4d-3b1cf647ff75,1703060767972700000
71cb6c6a-927f-462e-ba70-a0ceaa885e3b,8097783b-e684-476c-8b4d-3b1cf647ff75,1703060768072600000
71cb6c6a-927f-462e-ba70-a0ceaa885e3b,8097783b-e684-476c-8b4d-3b1cf647ff75,1703060768172622222
71cb6c6a-927f-462e-ba70-a0ceaa885e3b,8097783b-e684-476c-8b4d-3b1cf647ff75,1703060768272611111
71cb6c6a-927f-462e-ba70-a0ceaa885e3b,8097783b-e684-476c-8b4d-3b1cf647ff75,1703060768372822222
71cb6c6a-927f-462e-ba70-a0ceaa885e3b,8097783b-e684-476c-8b4d-3b1cf647ff75,1703060768472588888
71cb6c6a-927f-462e-ba70-a0ceaa885e3b,8097783b-e684-476c-8b4d-3b1cf647ff75,1703060768575733333
71cb6c6a-927f-462e-ba70-a0ceaa885e3b,8097783b-e684-476c-8b4d-3b1cf647ff75,1703060768674000000
71cb6c6a-927f-462e-ba70-a0ceaa885e3b,8097783b-e684-476c-8b4d-3b1cf647ff75,1703060768772622222
71cb6c6a-927f-462e-ba70-a0ceaa885e3b,8097783b-e684-476c-8b4d-3b1cf647ff75,1703060768872600000
71cb6c6a-927f-462e-ba70-a0ceaa885e3b,8097783b-e684-476c-8b4d-3b1cf647ff75,1703060768972733333
71cb6c6a-927f-462e-ba70-a0ceaa885e3b,8097783b-e684-476c-8b4d-3b1cf647ff75,1703060769072577777
71cb6c6a-927f-462e-ba70-a0ceaa885e3b,8097783b-e684-476c-8b4d-3b1cf647ff75,1703060769173100000
71cb6c6a-927f-462e-ba70-a0ceaa885e3b,8097783b-e684-476c-8b4d-3b1cf647ff75,1703060769272933333
71cb6c6a-927f-462e-ba70-a0ceaa885e3b,8097783b-e684-476c-8b4d-3b1cf647ff75,1703060769373377777
71cb6c6a-927f-462e-ba70-a0ceaa885e3b,8097783b-e684-476c-8b4d-3b1cf647ff75,1703060769472733333
71cb6c6a-927f-462e-ba70-a0ceaa885e3b,8097783b-e684-476c-8b4d-3b1cf647ff75,1703060769572633333
71cb6c6a-927f-462e-ba70-a0ceaa885e3b,8097783b-e684-476c-8b4d-3b1cf647ff75,1703060769673133333
71cb6c6a-927f-462e-ba70-a0ceaa885e3b,8097783b-e684-476c-8b4d-3b1cf647ff75,1703060769772644444
71cb6c6a-927f-462e-ba70-a0ceaa885e3b,8097783b-e684-476c-8b4d-3b1cf647ff75,1703060769872622222
71cb6c6a-927f-462e-ba70-a0ceaa885e3b,8097783b-e684-476c-8b4d-3b1cf647ff75,1703060769972700000
71cb6c6a-927f-462e-ba70-a0ceaa885e3b,8097783b-e684-476c-8b4d-3b1cf647ff75,1703060770072688888
71cb6c6a-927f-462e-ba70-a0ceaa885e3b,8097783b-e684-476c-8b4d-3b1cf647ff75,1703060770172644444
71cb6c6a-927f-462e-ba70-a0ceaa885e3b,8097783b-e684-476c-8b4d-3b1cf647ff75,1703060770272655555
71cb6c6a-927f-462e-ba70-a0ceaa885e3b,8097783b-e684-476c-8b4d-3b1cf647ff75,1703060770372777777
71cb6c6a-927f-462e-ba70-a0ceaa885e3b,8097783b-e684-476c-8b4d-3b1cf647ff75,1703060770472744444
71cb6c6a-927f-462e-ba70-a0ceaa885e3b,8097783b-e684-476c-8b4d-3b1cf647ff75,1703060770572722222
71cb6c6a-927f-462e-ba70-a0ceaa885e3b,8097783b-e684-476c-8b4d-3b1cf647ff75,1703060770672722222
71cb6c6a-927f-462e-ba70-a0ceaa885e3b,8097783b-e684-476c-8b4d-3b1cf647ff75,1703060770772655555
71cb6c6a-927f-462e-ba70-a0ceaa885e3b,8097783b-e684-476c-8b4d-3b1cf647ff75,1703060770873100000
71cb6c6a-927f-462e-ba70-a0ceaa885e3b,8097783b-e684-476c-8b4d-3b1cf647ff75,1703060770972644444
71cb6c6a-927f-462e-ba70-a0ceaa885e3b,8097783b-e684-476c-8b4d-3b1cf647ff75,1703060771072777777
71cb6c6a-927f-462e-ba70-a0ceaa885e3b,8097783b-e684-476c-8b4d-3b1cf647ff75,1703060771172677777
71cb6c6a-927f-462e-ba70-a0ceaa885e3b,8097783b-e684-476c-8b4d-3b1cf647ff75,1703060771272655555
71cb6c6a-927f-462e-ba70-a0ceaa885e3b,8097783b-e684-476c-8b4d-3b1cf647ff75,1703060771372844444
71cb6c6a-927f-462e-ba70-a0ceaa885e3b,8097783b-e684-476c-8b4d-3b1cf647ff75,1703060771472644444
71cb6c6a-927f-462e-ba70-a0ceaa885e3b,8097783b-e684-476c-8b4d-3b1cf647ff75,1703060771572677777
71cb6c6a-927f-462e-ba70-a0ceaa885e3b,8097783b-e684-476c-8b4d-3b1cf647ff75,1703060771672666666
71cb6c6a-927f-462e-ba70-a0ceaa885e3b,8097783b-e684-476c-8b4d-3b1cf647ff75,1703060771772633333
71cb6c6a-927f-462e-ba70-a0ceaa885e3b,8097783b-e684-476c-8b4d-3b1cf647ff75,1703060771873000000
71cb6c6a-927f-462e-ba70-a0ceaa885e3b,8097783b-e684-476c-8b4d-3b1cf647ff75,1703060771976811111
71cb6c6a-927f-462e-ba70-a0ceaa885e3b,8097783b-e684-476c-8b4d-3b1cf647ff75,1703060772076566666
71cb6c6a-927f-462e-ba70-a0ceaa885e3b,8097783b-e684-476c-8b4d-3b1cf647ff75,1703060772176577777
71cb6c6a-927f-462e-ba70-a0ceaa885e3b,8097783b-e684-476c-8b4d-3b1cf647ff75,1703060772276588888
71cb6c6a-927f-462e-ba70-a0ceaa885e3b,8097783b-e684-476c-8b4d-3b1cf647ff75,1703060772376666666
71cb6c6a-927f-462e-ba70-a0ceaa885e3b,8097783b-e684-476c-8b4d-3b1cf647ff75,1703060772476611111
71cb6c6a-927f-462e-ba70-a0ceaa885e3b,8097783b-e684-476c-8b4d-3b1cf647ff75,1703060772576577777
71cb6c6a-927f-462e-ba70-a0ceaa885e3b,8097783b-e684-476c-8b4d-3b1cf647ff75,1703060772676677777
71cb6c6a-927f-462e-ba70-a0ceaa885e3b,8097783b-e684-476c-8b4d-3b1cf647ff75,1703060772776622222
71cb6c6a-927f-462e-ba70-a0ceaa885e3b,8097783b-e684-476c-8b4d-3b1cf647ff75,1703060772876600000
71cb6c6a-927f-462e-ba70-a0ceaa885e3b,8097783b-e684-476c-8b4d-3b1cf647ff75,1703060772976700000
71cb6c6a-927f-462e-ba70-a0ceaa885e3b,8097783b-e684-476c-8b4d-3b1cf647ff75,1703060773076600000
71cb6c6a-927f-462e-ba70-a0ceaa885e3b,8097783b-e684-476c-8b4d-3b1cf647ff75,1703060773176600000
71cb6c6a-927f-462e-ba70-a0ceaa885e3b,8097783b-e684-476c-8b4d-3b1cf647ff75,1703060773276577777
71cb6c6a-927f-462e-ba70-a0ceaa885e3b,8097783b-e684-476c-8b4d-3b1cf647ff75,1703060773376766666
71cb6c6a-927f-462e-ba70-a0ceaa885e3b,8097783b-e684-476c-8b4d-3b1cf647ff75,1703060773476566666
71cb6c6a-927f-462e-ba70-a0ceaa885e3b,8097783b-e684-476c-8b4d-3b1cf647ff75,1703060773576700000
71cb6c6a-927f-462e-ba70-a0ceaa885e3b,8097783b-e684-476c-8b4d-3b1cf647ff75,1703060773676588888
71cb6c6a-927f-462e-ba70-a0ceaa885e3b,8097783b-e684-476c-8b4d-3b1cf647ff75,1703060773776677777
71cb6c6a-927f-462e-ba70-a0ceaa885e3b,8097783b-e684-476c-8b4d-3b1cf647ff75,1703060773876877777
71cb6c6a-927f-462e-ba70-a0ceaa885e3b,8097783b-e684-476c-8b4d-3b1cf647ff75,1703060773976588888
71cb6c6a-927f-462e-ba70-a0ceaa885e3b,8097783b-e684-476c-8b4d-3b1cf647ff75,1703060774076622222
71cb6c6a-927f-462e-ba70-a0ceaa885e3b,8097783b-e684-476c-8b4d-3b1cf647ff75,1703060774176700000
71cb6c6a-927f-462e-ba70-a0ceaa885e3b,8097783b-e684-476c-8b4d-3b1cf647ff75,1703060774276600000
71cb6c6a-927f-462e-ba70-a0ceaa885e3b,8097783b-e684-476c-8b4d-3b1cf647ff75,1703060774376711111
71cb6c6a-927f-462e-ba70-a0ceaa885e3b,8097783b-e684-476c-8b4d-3b1cf647ff75,1703060774476711111
71cb6c6a-927f-462e-ba70-a0ceaa885e3b,8097783b-e684-476c-8b4d-3b1cf647ff75,1703060774576633333
71cb6c6a-927f-462e-ba70-a0ceaa885e3b,8097783b-e684-476c-8b4d-3b1cf647ff75,1703060774676622222
71cb6c6a-927f-462e-ba70-a0ceaa885e3b,8097783b-e684-476c-8b4d-3b1cf647ff75,1703060774776666666
71cb6c6a-927f-462e-ba70-a0ceaa885e3b,8097783b-e684-476c-8b4d-3b1cf647ff75,1703060774876633333
71cb6c6a-927f-462e-ba70-a0ceaa885e3b,8097783b-e684-476c-8b4d-3b1cf647ff75,1703060774976622222
71cb6c6a-927f-462e-ba70-a0ceaa885e3b,8097783b-e684-476c-8b4d-3b1cf647ff75,1703060775076844444
71cb6c6a-927f-462e-ba70-a0ceaa885e3b,8097783b-e684-476c-8b4d-3b1cf647ff75,1703060775177611111
71cb6c6a-927f-462e-ba70-a0ceaa885e3b,8097783b-e684-476c-8b4d-3b1cf647ff75,1703060775276655555
71cb6c6a-927f-462e-ba70-a0ceaa885e3b,8097783b-e684-476c-8b4d-3b1cf647ff75,1703060775376622222
71cb6c6a-927f-462e-ba70-a0ceaa885e3b,8097783b-e684-476c-8b4d-3b1cf647ff75,1703060775476711111
71cb6c6a-927f-462e-ba70-a0ceaa885e3b,8097783b-e684-476c-8b4d-3b1cf647ff75,1703060775576633333
71cb6c6a-927f-462e-ba70-a0ceaa885e3b,8097783b-e684-476c-8b4d-3b1cf647ff75,1703060775676633333
71cb6c6a-927f-462e-ba70-a0ceaa885e3b,8097783b-e684-476c-8b4d-3b1cf647ff75,1703060775776677777
71cb6c6a-927f-462e-ba70-a0ceaa885e3b,8097783b-e684-476c-8b4d-3b1cf647ff75,1703060775876655555
71cb6c6a-927f-462e-ba70-a0ceaa885e3b,8097783b-e684-476c-8b4d-3b1cf647ff75,1703060775976711111
71cb6c6a-927f-462e-ba70-a0ceaa885e3b,8097783b-e684-476c-8b4d-3b1cf647ff75,1703060776076877777
71cb6c6a-927f-462e-ba70-a0ceaa885e3b,8097783b-e684-476c-8b4d-3b1cf647ff75,1703060776176644444
71cb6c6a-927f-462e-ba70-a0ceaa885e3b,8097783b-e684-476c-8b4d-3b1cf647ff75,1703060776276633333
71cb6c6a-927f-462e-ba70-a0ceaa885e3b,8097783b-e684-476c-8b4d-3b1cf647ff75,1703060776376788888
71cb6c6a-927f-462e-ba70-a0ceaa885e3b,8097783b-e684-476c-8b4d-3b1cf647ff75,1703060776477088888
71cb6c6a-927f-462e-ba70-a0ceaa885e3b,8097783b-e684-476c-8b4d-3b1cf647ff75,1703060776576588888
71cb6c6a-927f-462e-ba70-a0ceaa885e3b,8097783b-e684-476c-8b4d-3b1cf647ff75,1703060776676677777
71cb6c6a-927f-462e-ba70-a0ceaa885e3b,8097783b-e684-476c-8b4d-3b1cf647ff75,1703060776776755555
71cb6c6a-927f-462e-ba70-a0ceaa885e3b,8097783b-e684-476c-8b4d-3b1cf647ff75,1703060776876644444
71cb6c6a-927f-462e-ba70-a0ceaa885e3b,8097783b-e684-476c-8b4d-3b1cf647ff75,1703060776976633333
71cb6c6a-927f-462e-ba70-a0ceaa885e3b,8097783b-e684-476c-8b4d-3b1cf647ff75,1703060777077088888
71cb6c6a-927f-462e-ba70-a0ceaa885e3b,8097783b-e684-476c-8b4d-3b1cf647ff75,1703060777176622222
71cb6c6a-927f-462e-ba70-a0ceaa885e3b,8097783b-e684-476c-8b4d-3b1cf647ff75,1703060777276622222
71cb6c6a-927f-462e-ba70-a0ceaa885e3b,8097783b-e684-476c-8b4d-3b1cf647ff75,1703060777376688888
71cb6c6a-927f-462e-ba70-a0ceaa885e3b,8097783b-e684-476c-8b4d-3b1cf647ff75,1703060777477066666
71cb6c6a-927f-462e-ba70-a0ceaa885e3b,8097783b-e684-476c-8b4d-3b1cf647ff75,1703060777576544444
71cb6c6a-927f-462e-ba70-a0ceaa885e3b,8097783b-e684-476c-8b4d-3b1cf647ff75,1703060777676522222
71cb6c6a-927f-462e-ba70-a0ceaa885e3b,8097783b-e684-476c-8b4d-3b1cf647ff75,1703060777776566666
71cb6c6a-927f-462e-ba70-a0ceaa885e3b,8097783b-e684-476c-8b4d-3b1cf647ff75,1703060777876677777
71cb6c6a-927f-462e-ba70-a0ceaa885e3b,8097783b-e684-476c-8b4d-3b1cf647ff75,1703060777976577777
71cb6c6a-927f-462e-ba70-a0ceaa885e3b,8097783b-e684-476c-8b4d-3b1cf647ff75,1703060778076666666
71cb6c6a-927f-462e-ba70-a0ceaa885e3b,8097783b-e684-476c-8b4d-3b1cf647ff75,1703060778176600000
71cb6c6a-927f-462e-ba70-a0ceaa885e3b,8097783b-e684-476c-8b4d-3b1cf647ff75,1703060778276633333
71cb6c6a-927f-462e-ba70-a0ceaa885e3b,8097783b-e684-476c-8b4d-3b1cf647ff75,1703060778376766666
71cb6c6a-927f-462e-ba70-a0ceaa885e3b,8097783b-e684-476c-8b4d-3b1cf647ff75,1703060778476588888
71cb6c6a-927f-462e-ba70-a0ceaa885e3b,8097783b-e684-476c-8b4d-3b1cf647ff75,1703060778576611111
71cb6c6a-927f-462e-ba70-a0ceaa885e3b,8097783b-e684-476c-8b4d-3b1cf647ff75,1703060778676577777
71cb6c6a-927f-462e-ba70-a0ceaa885e3b,8097783b-e684-476c-8b4d-3b1cf647ff75,1703060778776688888
71cb6c6a-927f-462e-ba70-a0ceaa885e3b,8097783b-e684-476c-8b4d-3b1cf647ff75,1703060778876600000
71cb6c6a-927f-462e-ba70-a0ceaa885e3b,8097783b-e684-476c-8b4d-3b1cf647ff75,1703060778976622222
71cb6c6a-927f-462e-ba70-a0ceaa885e3b,8097783b-e684-476c-8b4d-3b1cf647ff75,1703060779076611111
71cb6c6a-927f-462e-ba70-a0ceaa885e3b,8097783b-e684-476c-8b4d-3b1cf647ff75,1703060779176788888
71cb6c6a-927f-462e-ba70-a0ceaa885e3b,8097783b-e684-476c-8b4d-3b1cf647ff75,1703060779276733333
71cb6c6a-927f-462e-ba70-a0ceaa885e3b,8097783b-e684-476c-8b4d-3b1cf647ff75,1703060779376666666
71cb6c6a-927f-462e-ba70-a0ceaa885e3b,8097783b-e684-476c-8b4d-3b1cf647ff75,1703060779476700000
71cb6c6a-927f-462e-ba70-a0ceaa885e3b,8097783b-e684-476c-8b4d-3b1cf647ff75,1703060779576633333
71cb6c6a-927f-462e-ba70-a0ceaa885e3b,8097783b-e684-476c-8b4d-3b1cf647ff75,1703060779676666666
71cb6c6a-927f-462e-ba70-a0ceaa885e3b,8097783b-e684-476c-8b4d-3b1cf647ff75,1703060779776655555
71cb6c6a-927f-462e-ba70-a0ceaa885e3b,8097783b-e684-476c-8b4d-3b1cf647ff75,1703060779876600000
71cb6c6a-927f-462e-ba70-a0ceaa885e3b,8097783b-e684-476c-8b4d-3b1cf647ff75,1703060779977077777
71cb6c6a-927f-462e-ba70-a0ceaa885e3b,8097783b-e684-476c-8b4d-3b1cf647ff75,1703060780076633333
71cb6c6a-927f-462e-ba70-a0ceaa885e3b,8097783b-e684-476c-8b4d-3b1cf647ff75,1703060780176800000
71cb6c6a-927f-462e-ba70-a0ceaa885e3b,8097783b-e684-476c-8b4d-3b1cf647ff75,1703060780276700000
71cb6c6a-927f-462e-ba70-a0ceaa885e3b,8097783b-e684-476c-8b4d-3b1cf647ff75,1703060780376677777
71cb6c6a-927f-462e-ba70-a0ceaa885e3b,8097783b-e684-476c-8b4d-3b1cf647ff75,1703060780476655555
71cb6c6a-927f-462e-ba70-a0ceaa885e3b,8097783b-e684-476c-8b4d-3b1cf647ff75,1703060780576855555
71cb6c6a-927f-462e-ba70-a0ceaa885e3b,8097783b-e684-476c-8b4d-3b1cf647ff75,1703060780676600000
71cb6c6a-927f-462e-ba70-a0ceaa885e3b,8097783b-e684-476c-8b4d-3b1cf647ff75,1703060780776777777
71cb6c6a-927f-462e-ba70-a0ceaa885e3b,8097783b-e684-476c-8b4d-3b1cf647ff75,1703060780876822222
71cb6c6a-927f-462e-ba70-a0ceaa885e3b,8097783b-e684-476c-8b4d-3b1cf647ff75,1703060780976733333
71cb6c6a-927f-462e-ba70-a0ceaa885e3b,8097783b-e684-476c-8b4d-3b1cf647ff75,1703060781076655555
71cb6c6a-927f-462e-ba70-a0ceaa885e3b,8097783b-e684-476c-8b4d-3b1cf647ff75,1703060781176600000
71cb6c6a-927f-462e-ba70-a0ceaa885e3b,8097783b-e684-476c-8b4d-3b1cf647ff75,1703060781276611111
71cb6c6a-927f-462e-ba70-a0ceaa885e3b,8097783b-e684-476c-8b4d-3b1cf647ff75,1703060781376644444
71cb6c6a-927f-462e-ba70-a0ceaa885e3b,8097783b-e684-476c-8b4d-3b1cf647ff75,1703060781476755555
71cb6c6a-927f-462e-ba70-a0ceaa885e3b,8097783b-e684-476c-8b4d-3b1cf647ff75,1703060781576633333
71cb6c6a-927f-462e-ba70-a0ceaa885e3b,8097783b-e684-476c-8b4d-3b1cf647ff75,1703060781676788888
71cb6c6a-927f-462e-ba70-a0ceaa885e3b,8097783b-e684-476c-8b4d-3b1cf647ff75,1703060781776677777
71cb6c6a-927f-462e-ba70-a0ceaa885e3b,8097783b-e684-476c-8b4d-3b1cf647ff75,1703060781876633333
71cb6c6a-927f-462e-ba70-a0ceaa885e3b,8097783b-e684-476c-8b4d-3b1cf647ff75,1703060781976688888
71cb6c6a-927f-462e-ba70-a0ceaa885e3b,8097783b-e684-476c-8b4d-3b1cf647ff75,1703060782076644444
71cb6c6a-927f-462e-ba70-a0ceaa885e3b,8097783b-e684-476c-8b4d-3b1cf647ff75,1703060782176644444
71cb6c6a-927f-462e-ba70-a0ceaa885e3b,8097783b-e684-476c-8b4d-3b1cf647ff75,1703060782276744444
71cb6c6a-927f-462e-ba70-a0ceaa885e3b,8097783b-e684-476c-8b4d-3b1cf647ff75,1703060782376644444
71cb6c6a-927f-462e-ba70-a0ceaa885e3b,8097783b-e684-476c-8b4d-3b1cf647ff75,1703060782476622222
71cb6c6a-927f-462e-ba70-a0ceaa885e3b,8097783b-e684-476c-8b4d-3b1cf647ff75,1703060782576688888
71cb6c6a-927f-462e-ba70-a0ceaa885e3b,8097783b-e684-476c-8b4d-3b1cf647ff75,1703060782676666666
71cb6c6a-927f-462e-ba70-a0ceaa885e3b,8097783b-e684-476c-8b4d-3b1cf647ff75,1703060782776977777
71cb6c6a-927f-462e-ba70-a0ceaa885e3b,8097783b-e684-476c-8b4d-3b1cf647ff75,1703060782876644444
71cb6c6a-927f-462e-ba70-a0ceaa885e3b,8097783b-e684-476c-8b4d-3b1cf647ff75,1703060782976600000
71cb6c6a-927f-462e-ba70-a0ceaa885e3b,8097783b-e684-476c-8b4d-3b1cf647ff75,1703060783076888888
71cb6c6a-927f-462e-ba70-a0ceaa885e3b,8097783b-e684-476c-8b4d-3b1cf647ff75,1703060783176566666
71cb6c6a-927f-462e-ba70-a0ceaa885e3b,8097783b-e684-476c-8b4d-3b1cf647ff75,1703060783276600000
71cb6c6a-927f-462e-ba70-a0ceaa885e3b,8097783b-e684-476c-8b4d-3b1cf647ff75,1703060783376633333
71cb6c6a-927f-462e-ba70-a0ceaa885e3b,8097783b-e684-476c-8b4d-3b1cf647ff75,1703060783476588888
71cb6c6a-927f-462e-ba70-a0ceaa885e3b,8097783b-e684-476c-8b4d-3b1cf647ff75,1703060783576600000
71cb6c6a-927f-462e-ba70-a0ceaa885e3b,8097783b-e684-476c-8b4d-3b1cf647ff75,1703060783677844444
71cb6c6a-927f-462e-ba70-a0ceaa885e3b,8097783b-e684-476c-8b4d-3b1cf647ff75,1703060783776811111
71cb6c6a-927f-462e-ba70-a0ceaa885e3b,8097783b-e684-476c-8b4d-3b1cf647ff75,1703060783877122222
71cb6c6a-927f-462e-ba70-a0ceaa885e3b,8097783b-e684-476c-8b4d-3b1cf647ff75,1703060783976777777
71cb6c6a-927f-462e-ba70-a0ceaa885e3b,8097783b-e684-476c-8b4d-3b1cf647ff75,1703060784076611111
71cb6c6a-927f-462e-ba70-a0ceaa885e3b,8097783b-e684-476c-8b4d-3b1cf647ff75,1703060784176844444
71cb6c6a-927f-462e-ba70-a0ceaa885e3b,8097783b-e684-476c-8b4d-3b1cf647ff75,1703060784276766666
71cb6c6a-927f-462e-ba70-a0ceaa885e3b,8097783b-e684-476c-8b4d-3b1cf647ff75,1703060784376666666
71cb6c6a-927f-462e-ba70-a0ceaa885e3b,8097783b-e684-476c-8b4d-3b1cf647ff75,1703060784476922222
71cb6c6a-927f-462e-ba70-a0ceaa885e3b,8097783b-e684-476c-8b4d-3b1cf647ff75,1703060784576988888
71cb6c6a-927f-462e-ba70-a0ceaa885e3b,8097783b-e684-476c-8b4d-3b1cf647ff75,1703060784677355555
71cb6c6a-927f-462e-ba70-a0ceaa885e3b,8097783b-e684-476c-8b4d-3b1cf647ff75,1703060784776711111
71cb6c6a-927f-462e-ba70-a0ceaa885e3b,8097783b-e684-476c-8b4d-3b1cf647ff75,1703060784876944444
71cb6c6a-927f-462e-ba70-a0ceaa885e3b,8097783b-e684-476c-8b4d-3b1cf647ff75,1703060784977311111
71cb6c6a-927f-462e-ba70-a0ceaa885e3b,8097783b-e684-476c-8b4d-3b1cf647ff75,1703060785076655555
71cb6c6a-927f-462e-ba70-a0ceaa885e3b,8097783b-e684-476c-8b4d-3b1cf647ff75,1703060785176733333
71cb6c6a-927f-462e-ba70-a0ceaa885e3b,8097783b-e684-476c-8b4d-3b1cf647ff75,1703060785276622222
71cb6c6a-927f-462e-ba70-a0ceaa885e3b,8097783b-e684-476c-8b4d-3b1cf647ff75,1703060785376600000
71cb6c6a-927f-462e-ba70-a0ceaa885e3b,8097783b-e684-476c-8b4d-3b1cf647ff75,1703060785476855555
71cb6c6a-927f-462e-ba70-a0ceaa885e3b,8097783b-e684-476c-8b4d-3b1cf647ff75,1703060785577122222
71cb6c6a-927f-462e-ba70-a0ceaa885e3b,8097783b-e684-476c-8b4d-3b1cf647ff75,1703060785678244444
71cb6c6a-927f-462e-ba70-a0ceaa885e3b,8097783b-e684-476c-8b4d-3b1cf647ff75,1703060785776633333
71cb6c6a-927f-462e-ba70-a0ceaa885e3b,8097783b-e684-476c-8b4d-3b1cf647ff75,1703060785876622222
71cb6c6a-927f-462e-ba70-a0ceaa885e3b,8097783b-e684-476c-8b4d-3b1cf647ff75,1703060785976688888
71cb6c6a-927f-462e-ba70-a0ceaa885e3b,8097783b-e684-476c-8b4d-3b1cf647ff75,1703060786076655555
71cb6c6a-927f-462e-ba70-a0ceaa885e3b,8097783b-e684-476c-8b4d-3b1cf647ff75,1703060786176644444
71cb6c6a-927f-462e-ba70-a0ceaa885e3b,8097783b-e684-476c-8b4d-3b1cf647ff75,1703060786276666666
71cb6c6a-927f-462e-ba70-a0ceaa885e3b,8097783b-e684-476c-8b4d-3b1cf647ff75,1703060786380633333
71cb6c6a-927f-462e-ba70-a0ceaa885e3b,8097783b-e684-476c-8b4d-3b1cf647ff75,1703060786480811111
71cb6c6a-927f-462e-ba70-a0ceaa885e3b,8097783b-e684-476c-8b4d-3b1cf647ff75,1703060786580922222
71cb6c6a-927f-462e-ba70-a0ceaa885e3b,8097783b-e684-476c-8b4d-3b1cf647ff75,1703060786680666666
71cb6c6a-927f-462e-ba70-a0ceaa885e3b,8097783b-e684-476c-8b4d-3b1cf647ff75,1703060786781866666
71cb6c6a-927f-462e-ba70-a0ceaa885e3b,8097783b-e684-476c-8b4d-3b1cf647ff75,1703060786881422222
71cb6c6a-927f-462e-ba70-a0ceaa885e3b,8097783b-e684-476c-8b4d-3b1cf647ff75,1703060786981200000
71cb6c6a-927f-462e-ba70-a0ceaa885e3b,8097783b-e684-476c-8b4d-3b1cf647ff75,1703060787082422222
71cb6c6a-927f-462e-ba70-a0ceaa885e3b,8097783b-e684-476c-8b4d-3b1cf647ff75,1703060787181066666
71cb6c6a-927f-462e-ba70-a0ceaa885e3b,8097783b-e684-476c-8b4d-3b1cf647ff75,1703060787280577777
71cb6c6a-927f-462e-ba70-a0ceaa885e3b,8097783b-e684-476c-8b4d-3b1cf647ff75,1703060787380577777
71cb6c6a-927f-462e-ba70-a0ceaa885e3b,8097783b-e684-476c-8b4d-3b1cf647ff75,1703060787480644444
71cb6c6a-927f-462e-ba70-a0ceaa885e3b,8097783b-e684-476c-8b4d-3b1cf647ff75,1703060787580544444
71cb6c6a-927f-462e-ba70-a0ceaa885e3b,8097783b-e684-476c-8b4d-3b1cf647ff75,1703060787680577777
71cb6c6a-927f-462e-ba70-a0ceaa885e3b,8097783b-e684-476c-8b4d-3b1cf647ff75,1703060787780777777
71cb6c6a-927f-462e-ba70-a0ceaa885e3b,8097783b-e684-476c-8b4d-3b1cf647ff75,1703060787880577777
71cb6c6a-927f-462e-ba70-a0ceaa885e3b,8097783b-e684-476c-8b4d-3b1cf647ff75,1703060787980666666
71cb6c6a-927f-462e-ba70-a0ceaa885e3b,8097783b-e684-476c-8b4d-3b1cf647ff75,1703060788080855555
71cb6c6a-927f-462e-ba70-a0ceaa885e3b,8097783b-e684-476c-8b4d-3b1cf647ff75,1703060788180577777
71cb6c6a-927f-462e-ba70-a0ceaa885e3b,8097783b-e684-476c-8b4d-3b1cf647ff75,1703060788281022222
71cb6c6a-927f-462e-ba70-a0ceaa885e3b,8097783b-e684-476c-8b4d-3b1cf647ff75,1703060788380866666
71cb6c6a-927f-462e-ba70-a0ceaa885e3b,8097783b-e684-476c-8b4d-3b1cf647ff75,1703060788480688888
71cb6c6a-927f-462e-ba70-a0ceaa885e3b,8097783b-e684-476c-8b4d-3b1cf647ff75,1703060788580544444
71cb6c6a-927f-462e-ba70-a0ceaa885e3b,8097783b-e684-476c-8b4d-3b1cf647ff75,1703060788680644444
71cb6c6a-927f-462e-ba70-a0ceaa885e3b,8097783b-e684-476c-8b4d-3b1cf647ff75,1703060788780688888
71cb6c6a-927f-462e-ba70-a0ceaa885e3b,8097783b-e684-476c-8b4d-3b1cf647ff75,1703060788880655555
71cb6c6a-927f-462e-ba70-a0ceaa885e3b,8097783b-e684-476c-8b4d-3b1cf647ff75,1703060788980622222
71cb6c6a-927f-462e-ba70-a0ceaa885e3b,8097783b-e684-476c-8b4d-3b1cf647ff75,1703060789080622222
71cb6c6a-927f-462e-ba70-a0ceaa885e3b,8097783b-e684-476c-8b4d-3b1cf647ff75,1703060789180944444
71cb6c6a-927f-462e-ba70-a0ceaa885e3b,8097783b-e684-476c-8b4d-3b1cf647ff75,1703060789280611111
71cb6c6a-927f-462e-ba70-a0ceaa885e3b,8097783b-e684-476c-8b4d-3b1cf647ff75,1703060789380977777
71cb6c6a-927f-462e-ba70-a0ceaa885e3b,8097783b-e684-476c-8b4d-3b1cf647ff75,1703060789480922222
71cb6c6a-927f-462e-ba70-a0ceaa885e3b,8097783b-e684-476c-8b4d-3b1cf647ff75,1703060789580633333
71cb6c6a-927f-462e-ba70-a0ceaa885e3b,8097783b-e684-476c-8b4d-3b1cf647ff75,1703060789680611111
71cb6c6a-927f-462e-ba70-a0ceaa885e3b,8097783b-e684-476c-8b4d-3b1cf647ff75,1703060789780588888
71cb6c6a-927f-462e-ba70-a0ceaa885e3b,8097783b-e684-476c-8b4d-3b1cf647ff75,1703060789880855555
71cb6c6a-927f-462e-ba70-a0ceaa885e3b,8097783b-e684-476c-8b4d-3b1cf647ff75,1703060789980600000
71cb6c6a-927f-462e-ba70-a0ceaa885e3b,8097783b-e684-476c-8b4d-3b1cf647ff75,1703060790080655555
71cb6c6a-927f-462e-ba70-a0ceaa885e3b,8097783b-e684-476c-8b4d-3b1cf647ff75,1703060790180622222
71cb6c6a-927f-462e-ba70-a0ceaa885e3b,8097783b-e684-476c-8b4d-3b1cf647ff75,1703060790280666666
71cb6c6a-927f-462e-ba70-a0ceaa885e3b,8097783b-e684-476c-8b4d-3b1cf647ff75,1703060790380622222
71cb6c6a-927f-462e-ba70-a0ceaa885e3b,8097783b-e684-476c-8b4d-3b1cf647ff75,1703060790480811111
71cb6c6a-927f-462e-ba70-a0ceaa885e3b,8097783b-e684-476c-8b4d-3b1cf647ff75,1703060790580966666
71cb6c6a-927f-462e-ba70-a0ceaa885e3b,8097783b-e684-476c-8b4d-3b1cf647ff75,1703060790680711111
71cb6c6a-927f-462e-ba70-a0ceaa885e3b,8097783b-e684-476c-8b4d-3b1cf647ff75,1703060790780611111
71cb6c6a-927f-462e-ba70-a0ceaa885e3b,8097783b-e684-476c-8b4d-3b1cf647ff75,1703060790880722222
71cb6c6a-927f-462e-ba70-a0ceaa885e3b,8097783b-e684-476c-8b4d-3b1cf647ff75,1703060790982144444
71cb6c6a-927f-462e-ba70-a0ceaa885e3b,8097783b-e684-476c-8b4d-3b1cf647ff75,1703060791081055555
71cb6c6a-927f-462e-ba70-a0ceaa885e3b,8097783b-e684-476c-8b4d-3b1cf647ff75,1703060791180666666
71cb6c6a-927f-462e-ba70-a0ceaa885e3b,8097783b-e684-476c-8b4d-3b1cf647ff75,1703060791280655555
71cb6c6a-927f-462e-ba70-a0ceaa885e3b,8097783b-e684-476c-8b4d-3b1cf647ff75,1703060791380644444
71cb6c6a-927f-462e-ba70-a0ceaa885e3b,8097783b-e684-476c-8b4d-3b1cf647ff75,1703060791480644444
71cb6c6a-927f-462e-ba70-a0ceaa885e3b,8097783b-e684-476c-8b4d-3b1cf647ff75,1703060791580655555
71cb6c6a-927f-462e-ba70-a0ceaa885e3b,8097783b-e684-476c-8b4d-3b1cf647ff75,1703060791680622222
71cb6c6a-927f-462e-ba70-a0ceaa885e3b,8097783b-e684-476c-8b4d-3b1cf647ff75,1703060791780577777
