gazeX,gazeY
659.2268,347.5112
664.4809,345.7404
666.9604,369.3713
667.659,386.7439
664.79,338.6874
665.023,365.0074
668.8557,367.4648
671.7033,352.9161
667.8747,384.5577
663.9113,355.8065
667.8955,349.2511
663.5805,349.8123
669.7469,367.4121
672.1387,365.7248
672.5049,350.4932
670.5578,379.7011
667.0815,374.9124
665.9549,377.4121
667.4854,373.8979
667.6391,359.9226
669.0593,377.5649
662.8671,349.3401
671.9113,377.2716
664.4818,360.9258
666.0706,365.6827
664.3862,360.0151
663.7317,349.7707
666.3337,361.2241
661.0956,362.4072
666.3628,363.8932
667.541,373.4369
666.0601,358.3939
667.4843,376.1303
666.6972,354.8545
662.8683,381.7551
665.6076,381.0503
662.6166,373.8412
662.0497,338.0047
665.0884,371.1455
660.1712,353.5073
666.6727,365.8633
655.4379,352.4239
636.8831,355.3476
611.4991,349.3597
583.276,342.8215
569.4568,348.2748
575.7121,343.1643
587.9748,350.9996
604.2998,342.4555
604.2351,333.8651
601.4267,366.8264
596.6421,344.0548
602.2555,346.9776
595.6051,344.1607
601.2042,337.0119
596.6159,344.4823
601.8644,340.4042
601.8565,346.4061
601.6159,338.6984
597.0309,351.3708
601.1306,331.4892
595.9147,346.1568
600.6326,347.2798
595.1905,328.5424
595.687,330.1703
600.2907,360.2915
596.3075,359.0806
596.8634,360.9354
592.7475,360.4115
599.2555,358.411
596.0071,329.3173
595.1633,348.5667
591.3374,334.0148
593.3845,342.8752
590.665,342.5048
595.8614,346.4397
597.7857,345.321
598.8177,366.7264
597.8876,358.6264
598.1986,359.5123
598.9719,358.3246
591.4196,329.8263
596.8747,345.7839
590.1645,334.9165
594.8933,351.7401
592.1629,349.4104
597.0999,345.6695
596.2862,366.4486
595.7086,353.6003
597.9698,353.4455
599.2506,369.049
597.2092,353.6856
593.4002,349.0724
598.7413,365.4363
599.0257,356.3816
593.4763,344.1563
597.1431,344.2576
595.3015,341.2881
595.3631,334.2588
596.1876,328.7999
595.5346,351.6404
593.1842,350.9155
591.3705,353.5498
595.3064,350.0445
594.6439,349.8493
592.1518,347.6866
597.0123,368.3531
595.8981,360.4075
594.6012,360.3453
595.9743,351.7212
594.0397,356.9665
594.1476,350.4625
593.9114,355.8107
598.8375,366.114
595.8374,355.3027
594.6818,351.1013
592.841,345.5614
591.5386,364.6046
591.5528,361.6056
598.5463,354.1948
597.8756,364.7449
598.5083,371.3863
600.4225,365.2848
594.3971,362.6042
598.2512,364.4366
595.5762,355.0768
597.5201,376.8963
595.7659,368.5446
596.0497,355.6363
604.8918,376.3791
618.2018,362.5518
633.403,328.554
655.8736,347.163
654.0372,323.2485
652.1049,325.8385
643.4175,347.2994
637.5057,329.0749
640.3986,343.4778
641.2333,336.5035
643.7189,360.744
637.7604,340.8547
642.3059,343.4307
642.3677,338.5939
640.6028,331.136
639.908,326.2264
639.897,354.5315
643.3639,358.6581
643.1448,343.8931
637.4405,338.2551
639.9977,347.155
642.1041,335.9337
645.6517,323.3168
644.7379,360.7027
643.2539,329.8612
640.5821,336.8804
645.4623,359.687
644.645,338.5759
638.332,353.9648
635.4424,337.3866
642.9195,376.4544
640.8173,353.2574
643.631,364.0621
642.9268,355.2379
642.7856,350.2909
643.1459,342.2477
641.3018,345.3171
641.766,352.1611
645.4353,350.6463
640.7423,355.6744
639.9988,327.5901
639.2848,336.3332
641.2974,352.3943
641.8048,324.9015
639.3697,339.7206
643.0115,350.5153
636.5679,348.197
641.5382,351.87
643.5329,334.8833
640.7943,335.0844
640.1163,329.6651
642.652,337.7777
642.4604,353.0454
643.5261,331.3442
644.9276,345.2152
648.4832,360.7303
650.2273,344.6146
649.5933,348.7621
647.1001,355.1693
646.0988,357.7529
645.3931,343.0993
624.6345,339.9879
594.0921,314.344
556.7689,293.9207
526.0427,273.1019
505.0958,265.5598
505.7052,267.0012
505.399,263.9958
512.1071,273.3473
519.6782,273.1893
520.6527,263.9785
523.6483,277.9315
520.6189,273.7862
516.5473,283.8299
518.1556,279.9932
515.238,283.5557
518.4777,277.2275
511.6105,275.53
517.5905,281.1375
515.1051,285.1437
514.2313,275.5907
518.3356,281.7738
516.0221,278.4394
517.117,276.8313
515.474,270.9188
518.4454,279.6364
515.4513,280.8903
516.2036,281.4929
508.3978,270.1391
516.2762,270.1482
519.187,280.9015
512.6064,279.1497
515.7504,276.4566
511.5267,273.6981
515.143,278.7984
517.8482,275.4521
518.2865,272.432
513.5179,273.3701
516.3782,279.2982
514.4941,277.0183
517.8941,277.3619
517.5682,273.5752
516.665,268.7437
516.0643,273.4034
512.6387,270.2712
514.08,271.375
516.6777,272.4075
511.7413,274.8477
515.3366,263.2797
517.1547,267.4079
515.3342,269.0179
517.2979,283.964
514.3627,279.5357
513.4121,272.9258
508.6112,267.8268
506.544,257.2391
494.6573,237.6583
482.6794,237.7252
480.637,238.1272
484.9897,245.3284
485.3777,246.6226
490.3877,251.1415
488.3402,249.6098
491.2183,257.1839
486.6717,245.3935
493.0911,249.0456
485.0,249.4823
487.5903,242.8885
487.729,250.6537
487.5656,248.3929
489.6765,243.8567
484.3226,251.837
485.6198,244.588
490.0408,254.3776
488.4152,251.264
488.9129,245.246
484.3742,242.9713
485.4415,247.1333
485.971,247.838
486.2294,255.1721
489.6668,254.259
486.7778,251.326
484.2363,248.2192
489.5723,248.7923
488.0013,253.0197
487.3506,246.5017
485.724,243.7109
481.5579,247.3161
487.1897,246.6525
488.9476,247.7767
484.5618,248.4252
485.5804,255.3505
486.3177,247.1101
488.7324,252.5907
490.5898,254.257
487.1106,248.1261
487.3666,240.8406
483.8797,251.495
486.841,244.3825
486.5621,245.9204
487.6467,248.9301
487.3752,243.9631
488.8904,246.0781
485.0962,242.0918
486.3142,246.1013
486.8094,249.3392
483.0465,248.2805
492.7993,246.0645
486.2216,244.7407
485.8674,248.0683
485.8475,244.2916
489.1373,252.8394
487.7515,247.2603
487.3766,241.8859
483.1792,246.4814
487.6262,244.6357
483.9035,251.6841
488.7358,249.1009
485.8467,243.9306
488.7392,248.0153
489.0577,248.2139
485.2128,245.6142
485.8941,242.028
488.8698,246.4965
487.2262,244.6054
492.9368,252.3586
485.6937,241.0723
489.9919,247.7184
485.5053,242.3471
490.1392,242.7729
482.6384,249.4138
489.8316,250.9661
487.702,244.9189
488.2941,252.5443
488.6026,247.7711
490.5316,243.7167
485.839,240.944
487.735,245.9646
491.6652,248.1479
487.2078,244.1438
491.0869,247.835
487.1181,246.6259
487.2989,240.1188
484.2514,253.692
485.2871,249.2354
483.9411,247.3988
488.4998,242.6774
490.3207,251.5352
490.6518,243.9956
489.1755,245.6472
489.1034,251.3469
494.5709,254.3458
488.9806,249.6396
487.7655,253.1883
488.013,244.6856
487.4619,259.9277
487.7832,249.9129
490.4231,242.3862
487.4896,244.3813
496.4921,244.4483
509.7444,248.8283
525.2046,247.6211
541.2604,242.7768
546.8944,238.3157
548.5383,237.9068
547.874,238.5219
542.9393,241.1463
541.6914,239.1082
540.4984,244.0044
539.2734,244.7733
540.3238,238.9008
541.8223,240.8149
543.6744,244.6989
541.9688,238.9466
538.9409,239.8879
539.611,240.9052
539.3024,236.4087
543.8162,241.6802
541.3131,236.8577
545.0244,244.9301
545.8906,245.8675
542.9721,247.5545
539.8473,241.2044
543.3337,241.5773
540.572,243.6169
542.4901,240.8197
546.1524,238.8281
542.7988,247.2932
539.1387,240.5718
543.2117,241.4217
543.3786,243.2906
539.3686,250.1564
545.746,252.7287
542.9965,245.1744
542.3584,239.5373
544.9305,250.3521
541.0914,242.7116
541.1532,247.2912
539.0089,240.2454
545.7538,248.6964
543.2628,239.4533
541.4125,241.3767
542.1991,247.0578
539.0678,242.7426
542.8783,243.1148
541.3076,243.5967
540.713,240.7114
537.7956,246.8156
542.0691,243.4467
538.6942,242.6605
538.2828,239.9372
536.6178,241.2254
540.4569,244.9226
542.4177,244.2893
540.4399,247.3113
539.1986,250.2347
540.3155,248.2358
541.3204,247.3744
537.8491,245.7727
542.6146,244.9855
545.7966,246.5727
541.3456,245.8552
535.244,237.6239
542.0289,244.6853
539.5925,244.2919
543.3175,252.8
539.911,246.9028
540.0436,237.9854
540.6231,248.8476
538.2958,246.7357
539.3177,242.0087
540.7223,245.4773
536.1466,244.8833
537.7085,242.6435
535.7957,238.2399
540.4703,241.2756
540.8771,243.2783
536.6638,249.0732
535.884,245.5576
540.8675,244.1469
539.3536,248.7384
541.0824,250.0276
539.7446,243.2349
539.3464,244.7526
539.5643,239.4812
537.765,245.7599
545.827,252.4222
561.0746,254.3274
584.0912,243.6281
601.2873,242.0254
613.4779,249.3938
610.7646,243.0044
600.939,242.8792
600.3335,252.4768
593.767,240.9416
595.6673,252.4533
598.6414,245.7828
596.4483,246.3646
596.8934,248.1466
600.8874,243.5609
598.7169,245.6607
603.1242,245.4257
595.3139,246.324
597.4257,245.6326
596.2599,245.7789
597.5162,249.2481
601.3817,250.0796
596.9514,251.4941
599.8143,240.684
596.1524,254.9701
599.3147,241.3136
598.0164,245.4475
601.4702,242.9542
600.3325,243.6222
603.8956,247.0261
599.5026,249.2892
599.2831,244.4176
601.5607,243.3348
597.4493,243.2725
587.8019,249.1256
566.9501,252.8424
535.7741,249.4067
510.7996,245.4975
499.9104,244.2641
508.7237,240.4906
529.8435,241.2973
550.2813,244.5684
549.0658,252.9181
542.1988,246.8005
538.0275,248.7117
538.0221,244.9424
540.3158,246.7629
533.8914,240.4884
531.1752,245.822
534.8232,244.1724
537.3421,248.6532
536.0158,245.6234
536.1335,249.3078
538.5037,247.918
539.2752,245.898
533.0186,242.417
536.8271,243.5517
538.2896,241.6806
533.6296,242.579
538.8962,248.0641
533.6858,244.5316
534.5966,241.2886
533.404,231.7894
534.2142,241.4243
533.7352,239.5377
528.3868,234.8343
534.7805,242.3113
535.4817,251.5111
532.7594,243.8158
535.3451,248.9254
534.9172,247.5018
532.242,245.359
538.1148,244.1836
533.1716,248.4933
531.3428,240.1076
530.9616,244.562
530.2968,244.0033
533.8778,248.1499
533.5935,247.4566
533.9084,243.6753
535.2312,250.816
528.064,241.4874
532.5525,249.8822
533.2226,244.8063
533.2563,250.1831
536.0272,245.7215
533.2293,248.4818
531.463,245.4451
533.1871,247.7837
533.12,251.445
535.8125,248.1948
535.8124,248.4297
535.8894,248.7001
534.6309,250.3385
539.9003,248.1101
534.3138,246.6009
534.0977,248.7625
533.2409,249.0115
534.9416,244.9513
536.4047,252.7368
532.323,244.3581
534.6142,248.1429
535.7576,243.8151
531.3874,249.5402
535.213,246.8761
538.0548,252.8945
535.0423,241.4996
533.9625,249.1137
529.695,248.7071
535.3725,237.9499
534.0857,242.8888
533.5072,245.8054
533.2564,243.0686
536.4351,251.4579
531.4683,245.2828
532.1594,250.6435
535.2813,242.1175
531.3023,249.5183
533.5682,244.3559
533.7951,249.8717
533.2547,246.0025
537.8123,242.5579
532.2143,243.7024
530.5546,248.1577
531.1267,248.0701
531.6684,246.3487
533.7772,247.2857
532.996,246.1815
529.3282,249.343
531.7462,251.4066
535.3261,246.3964
531.1904,245.6533
533.2032,241.8897
532.3952,246.773
529.3447,240.7123
529.1068,244.7666
537.4638,239.8224
531.3679,248.3621
532.0922,245.417
531.6413,247.1487
534.6052,244.2578
534.863,246.5542
533.8921,251.4907
532.1097,245.8818
532.6326,244.9857
535.0319,249.956
532.9098,248.2163
534.0372,251.7685
529.8466,248.6005
531.6715,246.5832
532.851,249.5777
534.9121,243.0061
534.913,245.0387
530.3102,246.6672
533.9778,237.0921
535.5282,239.8312
548.394,243.9259
575.0088,267.6905
618.2234,264.9389
667.9511,299.1828
720.1438,344.4903
764.9068,387.2295
800.8095,412.7103
842.4328,422.6898
880.6041,449.4906
924.3848,471.6594
948.9316,498.3086
978.3176,515.4448
1008.381,524.6282
1030.954,526.29
1054.204,526.1558
1047.042,529.9484
1033.219,525.6525
1028.351,524.3165
1024.203,520.7878
1035.085,519.3032
1038.978,524.827
1041.761,532.2253
1037.851,526.1331
1045.808,524.772
1041.792,526.9665
1046.833,527.8172
1044.434,530.3789
1044.565,528.3639
1040.717,528.5119
1041.356,533.3126
1043.998,524.6898
1041.298,523.0165
1042.607,532.0719
1041.573,528.0795
1047.176,523.5723
1045.204,526.2864
1038.848,535.4075
1046.826,534.1656
1046.638,524.2368
1047.927,529.0639
1043.83,525.6945
1050.084,523.7249
1044.775,526.5862
1048.027,528.4162
1049.978,528.0758
1045.043,534.7482
1047.21,529.9463
1049.418,522.5224
1046.942,525.7513
1044.736,530.725
1049.555,525.6651
1048.914,526.3573
1049.801,527.1329
1048.107,525.4483
1047.814,527.1051
1047.445,526.8521
1053.546,526.93
1051.281,528.1876
1045.777,529.594
1042.229,534.803
1047.443,525.2421
1043.57,531.6374
1044.329,535.3727
1043.031,538.844
1046.893,529.2911
1043.863,533.3567
1044.214,535.584
1047.653,537.7575
1042.187,530.2397
1044.526,538.718
1041.521,531.4227
1042.178,534.5121
1044.341,535.9014
1042.767,536.4394
1047.316,534.7221
1049.944,534.7331
1050.768,530.3533
1047.771,532.8521
1044.017,532.2787
1044.203,532.7676
1046.579,532.8669
1043.253,533.7833
1042.368,537.5246
1048.681,531.9109
1045.45,528.3962
1045.927,532.0293
1046.015,533.5267
1040.789,536.5998
1049.043,535.1266
1037.495,538.0512
1043.415,533.5644
1043.129,536.0766
1044.378,535.9487
1044.57,532.6159
1040.433,537.2413
1041.836,535.0074
1047.592,526.461
1039.441,535.5757
1040.743,532.1448
1042.84,537.9677
1048.532,528.5057
1043.416,536.2379
1041.587,536.9956
1036.036,536.1325
1043.153,534.8647
1045.024,537.1422
1048.695,533.3889
1043.483,534.6586
1037.15,538.4728
1043.678,535.8617
1042.206,530.2552
1030.3,508.5406
1012.927,495.1107
1001.014,480.9749
990.4262,459.2355
988.442,458.6183
994.7574,453.5468
1007.788,443.139
1001.199,453.5999
1007.584,448.9401
1005.072,442.2429
1000.11,453.5743
999.7674,461.9675
1003.281,459.6452
1001.604,464.0385
1002.838,450.0384
1005.512,457.1631
998.8792,450.5904
1000.481,447.7415
999.573,447.6421
999.1692,456.6678
1005.525,444.7243
997.9492,463.114
999.0675,446.5879
1000.658,446.8061
998.0894,451.6591
999.6887,454.6106
1000.944,450.4852
997.0686,452.7726
1000.49,447.1867
1001.437,450.3871
1000.434,446.1047
998.8548,451.9143
1001.024,453.4299
1000.675,456.5102
998.7774,447.3687
996.3125,446.5428
995.1095,454.2219
1000.687,446.8063
994.8958,451.4363
1000.358,450.8661
997.6777,458.6451
1002.69,450.6605
1001.043,446.4133
1000.206,443.419
995.5817,448.9288
994.5929,456.3932
1001.004,444.1199
1000.908,442.6207
994.0451,452.0337
999.5149,451.9242
996.2691,448.1289
997.1317,455.8475
1001.741,437.8507
997.9485,450.5996
997.9799,446.131
998.2547,446.9159
999.1763,447.9221
1001.873,442.5536
994.2823,450.2443
997.5935,448.2137
997.8019,453.3143
997.1265,445.883
999.3082,449.422
997.1285,449.6674
996.0123,448.1897
1000.924,443.8414
997.4533,445.2961
997.4028,441.5573
1001.161,445.5724
1002.492,447.0124
997.1297,444.4933
997.3129,449.723
997.5738,446.974
994.5317,450.8785
995.8396,447.7249
998.4179,448.0873
996.9555,446.7258
996.9236,452.4898
995.8333,459.1371
1000.984,456.5341
998.7404,451.6849
996.5668,451.4614
993.1009,452.6101
996.2709,444.3713
986.5132,445.1007
972.4114,426.7157
942.4577,431.9003
911.1785,436.0348
893.6835,425.4297
891.9238,407.5513
890.8336,426.1946
887.1893,425.6876
877.953,415.5842
866.3433,415.7669
853.8953,418.6542
844.8793,414.9348
838.011,416.9694
834.8753,409.0417
834.4335,409.5459
841.7123,409.2495
842.0645,402.0668
835.1166,415.7714
823.7875,417.8505
819.2068,418.3019
814.7819,414.817
822.8822,429.1023
829.0165,428.0115
828.2624,435.9544
833.9073,436.7649
842.4085,433.3521
848.5127,433.1795
850.9014,438.132
858.123,437.038
859.7978,430.8652
860.7902,431.6304
864.2069,435.022
862.0923,433.5206
863.9131,433.876
863.814,429.4187
865.2084,432.7411
862.204,430.048
863.2932,431.9019
859.9414,427.4907
866.967,428.3735
862.5201,432.2664
869.2158,430.6616
870.9004,424.7193
861.5258,431.8548
865.7692,428.1639
861.9318,427.9461
864.4819,433.0343
865.8766,426.5161
865.1924,432.6861
864.4121,433.009
863.1807,427.1227
862.5995,427.7628
868.8296,415.1224
864.6936,427.1261
867.1062,430.1906
864.8128,430.0097
862.4389,427.402
863.0647,430.9031
864.3344,419.9603
866.8831,418.6362
865.5324,433.278
865.238,430.8711
865.2959,422.1799
867.1911,416.3163
867.0357,422.1995
863.1087,429.1972
864.9716,421.9874
864.0944,425.9524
862.6,432.2607
865.4374,427.0418
861.4475,432.0359
862.4126,421.9331
864.7372,419.5857
864.1329,427.612
862.2079,424.8764
865.8519,420.8004
867.9107,421.9725
867.6289,425.8298
861.2942,411.0784
863.6467,428.4341
868.2923,422.5785
862.7377,425.1623
865.1214,423.929
865.3771,419.6852
866.7393,414.0321
864.356,425.6332
863.768,403.5263
864.0488,431.3194
865.987,414.6333
861.0132,425.1747
863.4575,423.1096
863.4466,418.1449
865.303,420.4118
847.2823,426.4638
806.9618,428.7818
763.803,425.425
717.126,407.8343
685.9792,412.4213
668.0926,395.8521
668.8939,407.2523
671.1477,408.0675
681.1532,405.2818
682.0323,407.0302
675.4781,409.9323
678.6373,412.263
679.292,415.0499
677.4813,396.3767
676.7616,417.1418
680.0412,413.6333
674.5054,405.6802
676.4123,416.6766
668.4873,394.259
678.0968,416.2093
677.6062,413.6332
673.8877,403.7088
675.9563,407.2883
671.69,405.2873
675.8151,410.3997
676.4806,414.7644
673.5931,409.6665
677.2129,410.3867
678.4227,410.7443
668.6493,392.2658
675.0134,415.8311
673.6233,410.7903
675.1845,412.2106
669.9877,409.7037
672.8383,411.2787
673.6008,412.5651
670.5525,407.4993
675.2068,415.7468
674.5133,411.9418
673.1261,408.6922
671.2377,400.9344
672.933,410.7126
672.9238,406.6867
673.0063,407.4457
672.1346,412.0449
677.3182,407.7723
673.4109,408.6055
675.3645,412.3838
673.5893,399.1406
674.7243,409.6496
675.6205,404.1625
671.3375,399.0083
671.8568,407.3924
675.5929,398.0018
676.2989,414.4593
675.1759,407.7576
670.0682,401.8592
675.3139,407.1594
672.4642,403.4987
672.2203,409.969
675.8967,410.3717
674.9948,411.2737
673.4932,403.5941
671.3806,407.4892
675.7788,409.6503
671.0089,408.8709
672.7285,406.0503
673.622,408.0368
674.0103,408.642
669.4368,401.9852
672.961,416.2221
673.0488,404.6647
675.3535,414.1494
674.1547,409.6079
674.3807,412.8584
672.7841,403.4168
672.9364,415.2971
673.3572,408.6427
670.723,412.5024
672.0805,405.4693
673.5809,411.7087
670.8216,410.7561
672.3974,411.3102
671.064,407.565
674.3184,407.2977
672.3589,411.5418
673.4636,405.3595
671.8253,412.1057
667.1104,403.0524
676.3039,409.962
667.3732,404.8245
670.6289,412.8929
664.6331,396.3933
674.7598,415.361
671.3399,415.7801
669.6887,413.3028
673.441,410.3368
672.8276,413.8405
673.0711,410.8157
673.2477,414.3402
670.5092,410.325
674.186,410.0607
673.608,405.712
672.2379,403.9532
672.3305,406.8612
673.0271,411.1417
675.796,408.8501
673.5037,415.5318
669.9216,409.456
672.5685,401.3484
665.7822,391.9642
670.6878,405.6413
670.3229,408.0788
669.9504,401.02
672.3508,414.0771
670.6571,410.6411
673.2997,401.4677
673.5527,413.5666
668.8101,407.0763
673.3674,409.4655
674.0124,412.4002
673.2426,410.7287
672.4517,406.1026
670.2314,410.2103
670.907,408.9299
672.4598,411.4186
671.4739,406.1241
669.846,407.0959
676.2228,411.8924
667.1344,399.34
671.366,412.6078
673.0428,413.8969
671.3672,411.2039
667.8374,395.4574
672.824,413.1534
671.2798,402.2401
672.9986,406.9988
674.1575,400.0121
672.3362,414.3883
671.2391,402.4527
671.3914,404.7579
672.8471,401.0753
677.1011,410.4499
669.7338,401.6909
672.6979,407.4675
675.058,411.8132
671.3901,406.5553
673.9492,410.5957
671.7159,405.7238
673.2363,411.834
677.7783,416.7427
674.723,403.2223
670.7118,403.9167
673.4022,409.1165
674.0641,412.612
672.6214,406.6195
674.1922,411.4557
675.3504,411.8204
672.8823,411.4494
673.797,409.2217
672.7631,409.7555
672.0861,411.7656
675.1862,410.9834
672.6514,417.1647
665.5464,392.98
674.1004,417.1513
668.6598,396.1873
670.9844,394.3838
669.4012,390.0425
668.7944,398.8348
672.2936,415.7939
669.7104,396.5112
669.777,403.9582
674.3617,412.9747
675.737,408.2659
670.0073,395.1459
668.6119,392.9731
673.8252,403.7408
672.9005,404.0247
668.2521,395.6163
666.9097,396.8425
673.5274,400.2349
671.8454,408.2568
674.1899,400.7779
676.8076,413.4553
671.8476,409.1473
671.2493,399.5043
671.9377,404.628
670.9395,399.6849
668.8722,392.0548
673.4512,398.474
666.3153,390.0536
669.9109,400.7143
674.7779,413.8944
666.9656,397.3388
668.6748,393.5655
673.9992,410.1626
676.6646,402.9521
671.7187,403.0614
670.9387,397.4199
673.803,399.695
670.2767,405.1387
670.6886,391.9967
666.882,385.9884
672.6963,388.2188
671.3482,396.7659
673.3842,411.6071
673.3978,399.5321
675.7634,407.3229
673.4113,403.4115
669.6053,397.075
669.1952,394.3408
670.2732,401.3521
670.8066,397.8889
671.1628,401.0314
671.3312,406.0059
667.9174,401.415
673.9328,396.4629
671.9224,398.8076
671.0707,399.2879
671.6529,404.4928
669.8305,397.1985
672.8318,400.3025
672.8843,389.3396
672.8754,402.5174
673.7806,394.1853
673.121,402.1684
673.3949,398.322
672.6595,394.8238
670.9176,396.2474
673.4935,395.8653
667.7348,373.9086
657.2074,345.7748
649.1009,316.9272
646.7333,310.336
649.6588,307.4713
653.4951,307.7528
656.7698,300.5522
662.4505,292.0513
661.9324,299.742
664.2538,291.1802
663.1136,302.1126
667.741,308.9768
663.121,295.4324
661.6973,298.2284
660.7257,294.3338
660.2089,293.5831
662.0827,292.3123
662.8605,308.7106
662.4794,294.8627
661.9404,298.3795
665.3292,305.763
661.6089,297.8598
662.4651,300.545
661.869,301.1128
668.0294,301.1583
666.2219,307.5056
662.2107,308.4023
664.8622,302.5804
666.0122,312.7191
666.4637,305.3599
666.4404,306.4441
660.8856,302.0598
666.7314,296.0501
664.2524,298.6561
662.6658,300.7525
661.8806,301.4123
443.6616,554.9388
433.629,569.1465
429.9503,581.6435
433.1467,588.16
429.8206,590.1668
431.8512,574.9079
438.9044,568.9641
440.7653,566.1858
438.0922,562.5233
435.1981,569.643
439.5057,574.5257
434.3846,571.3976
433.7705,571.4363
436.4242,578.0314
438.8472,578.7358
438.8606,578.0083
432.8335,574.8386
433.0995,575.9411
437.8074,581.654
434.4021,576.9522
434.8101,577.1005
433.4489,579.8352
434.856,577.207
435.7069,578.0128
431.3552,573.0527
437.3728,577.0248
437.1628,576.3097
435.3916,575.6866
438.4325,578.2675
438.6549,574.337
437.4407,573.324
435.6918,578.6636
433.0625,580.2987
436.0067,579.7543
433.2417,581.3327
437.0858,578.6706
436.784,580.0342
437.3363,577.4688
430.4338,577.2763
437.3307,577.9623
436.9709,579.7516
435.1617,575.6816
434.9586,573.0748
431.2893,577.5444
433.5675,579.0141
440.7415,578.6587
431.1558,574.2913
438.3752,576.7637
436.9463,575.4969
435.2997,579.7294
435.2347,577.5416
436.9015,578.7507
438.2276,577.0454
438.3738,577.5282
434.0542,578.3304
427.0439,577.5787
412.1042,583.3528
379.334,605.2125
338.3165,622.8653
305.3364,637.283
280.5755,650.2447
270.4983,650.686
258.8022,652.4608
267.7212,652.884
272.3994,655.7637
274.8425,652.768
276.7139,650.1892
273.0362,643.3682
277.8239,640.6371
275.2381,641.6072
270.3493,646.8991
273.1917,648.0774
265.2429,645.6649
268.91,648.0919
270.0725,649.354
269.6054,650.8647
268.2995,651.6979
272.2846,649.6446
267.2261,652.0594
267.9573,654.9321
267.2674,651.3602
271.9616,651.5593
270.606,648.4209
270.6906,648.9437
267.0069,655.4547
267.4379,650.5381
268.2033,647.2034
268.4915,650.4243
268.3723,647.6393
268.8334,644.9662
270.2208,648.5101
269.1635,648.8129
266.0084,645.3175
268.5709,649.8336
267.1474,644.159
265.4968,646.8947
268.5208,650.5503
267.9449,648.0609
266.9787,649.6854
271.3329,649.6989
266.2453,651.0657
263.8337,653.4532
265.907,650.2122
268.5098,648.3363
264.8668,652.1927
269.8378,649.2878
267.5898,650.5619
267.4678,647.3332
270.7968,648.642
265.7143,645.4099
268.5781,649.9642
264.938,650.5797
265.6935,647.9997
266.1344,650.1835
269.1013,643.1809
265.9365,646.7172
266.608,649.6022
266.3764,648.6464
268.4102,648.3837
263.6882,650.4646
264.7015,650.1534
269.5088,649.6713
267.9981,649.4046
263.9532,649.1043
269.5824,647.4702
266.1898,645.9013
267.7746,649.0983
269.113,645.3975
267.474,647.2902
261.6732,651.8939
270.8821,650.1596
265.0188,648.9105
269.3684,657.0372
268.453,651.086
268.4849,649.8173
266.7491,651.4613
277.7186,649.8741
311.6465,619.9259
349.6871,593.9018
396.4116,566.6723
428.6795,538.7349
468.7866,526.499
510.6559,509.2456
549.8938,495.4179
586.6101,478.9501
623.1748,464.4282
650.5746,444.1752
666.9171,441.1335
669.9607,433.1333
673.601,436.0914
664.0114,446.9495
662.3061,451.4119
663.0836,455.457
664.7318,441.6877
672.2974,445.3282
674.3897,445.9286
670.5029,443.5003
674.4721,448.3203
672.3567,444.682
673.3331,439.1119
673.7134,446.466
673.5599,435.4847
676.3401,444.9848
676.8559,439.2305
675.1794,443.5919
676.1769,441.0195
679.4323,440.5361
676.7269,434.2515
678.5628,442.4071
675.0839,434.4652
670.6428,437.4027
679.5386,447.6191
677.7656,444.2112
682.3071,441.0783
674.7896,444.2825
677.5419,445.95
674.6724,443.1785
673.3204,447.0798
677.3382,438.4062
676.5186,438.5336
673.7797,437.4512
675.8463,443.4647
676.895,444.1984
676.5026,443.5396
675.152,454.3981
670.7518,433.6398
681.5891,440.0541
679.6562,441.7338
681.7392,447.1814
677.6576,443.4673
677.2805,439.0837
675.9961,442.0491
678.7961,434.1673
677.7816,438.3607
681.1941,441.7994
682.2614,443.2483
676.2209,436.1413
682.7118,442.5129
679.233,431.3695
681.9044,445.9677
679.0631,439.4116
679.1257,441.3298
679.6989,445.6411
678.0565,445.1721
683.6094,444.4306
680.2099,439.0388
680.3412,436.4672
679.568,429.8035
678.7625,437.2786
681.4381,431.9728
681.2612,440.2634
675.6441,426.39
679.077,442.5076
682.9457,440.3054
681.869,434.4781
677.0856,439.0081
679.8283,439.2216
679.5505,438.7615
676.5873,436.1356
677.2471,438.8889
679.1615,447.2351
682.7466,445.2916
682.4403,446.608
683.3111,429.4603
692.9037,413.2564
705.3778,395.6597
717.9921,364.0639
728.4881,344.5649
733.8173,356.6038
724.0575,330.1156
725.0042,364.4876
725.1351,354.1228
726.4591,362.4729
726.2637,359.0063
726.4442,370.3704
729.8487,373.5413
721.316,370.7169
722.3298,360.9069
723.6935,327.5213
724.3999,334.7472
727.0281,346.4331
727.9625,364.5241
727.3012,370.2899
726.7208,364.7229
726.6155,363.0441
726.8069,364.3897
726.353,361.8184
724.5904,327.0259
729.5317,353.0266
733.252,360.8071
727.6131,379.7926
728.0117,370.3399
724.8146,356.957
730.1103,363.2875
726.0152,363.4381
726.8927,357.1645
724.7681,363.6527
725.1797,337.3606
724.7817,353.015
726.8173,350.594
728.7039,348.3703
728.8471,356.9129
728.8187,360.096
723.4531,356.7866
730.4282,364.8287
732.4095,364.2064
725.1544,330.8941
728.242,354.3812
729.4392,356.4753
731.5593,373.0632
728.5792,372.19
726.3441,350.071
732.5401,374.4411
732.8645,354.5081
727.4844,373.6909
729.6328,385.7996
722.7044,357.161
728.8784,341.7057
721.8965,346.2569
729.0095,375.4145
726.6215,353.1294
728.4993,365.5627
727.5281,367.1004
728.4153,358.188
737.3456,360.5963
750.1585,334.6097
764.3457,311.0942
793.0871,279.6084
812.4704,263.7516
835.2642,266.1014
861.6664,261.6681
883.3859,265.3725
905.0132,255.2995
932.3225,244.5781
946.4876,261.1357
964.2754,244.0333
976.7269,256.8568
996.5849,262.7743
1005.717,251.8899
1001.106,250.9517
993.5602,252.5825
985.2144,246.4372
989.3865,239.4934
992.8679,244.8272
997.3186,251.3954
995.3717,240.2333
994.4195,250.3352
993.7936,256.1676
993.6547,257.0146
998.1753,250.0465
990.0769,248.2489
993.722,244.5568
996.5888,250.7039
991.8584,248.8625
1000.37,253.7451
996.1563,250.3079
1001.247,243.5292
1000.789,253.4657
998.127,249.9574
999.5628,248.0873
1002.361,247.6179
1001.994,238.8599
1000.982,246.4559
995.7218,245.8326
998.8703,243.9047
1000.914,242.5619
999.3925,244.6654
999.1024,238.225
1001.047,241.0639
998.1489,241.2823
999.3316,241.2743
998.9938,246.7033
994.0263,253.4392
998.4491,240.9445
1001.401,241.6363
998.679,252.2778
997.3244,252.3933
1003.779,239.7594
999.2835,253.6465
997.7632,252.7212
1000.066,249.7434
1000.732,251.256
1002.005,258.2643
1002.302,234.1594
1003.156,244.4828
1001.906,239.0384
1002.68,247.235
1008.613,238.6414
1025.313,211.1944
1039.829,199.3156
1050.478,187.2782
1048.809,182.6844
1057.884,179.1708
1058.694,170.6622
1052.889,171.6595
1056.047,167.3009
1049.219,172.3924
1049.146,170.395
1050.943,173.3648
1055.498,176.8692
1056.636,168.3136
1056.894,168.5498
1054.117,164.2094
1056.22,172.9072
1055.067,170.6733
1055.642,169.4932
1058.135,163.9402
1054.516,173.0131
1056.399,165.3765
1053.109,172.885
1059.185,168.2669
1058.012,160.9106
1056.903,167.1467
1053.091,172.6189
1058.021,168.554
1057.054,175.2335
1060.26,168.8557
1059.5,163.2071
1053.844,176.4505
1053.676,168.1845
1056.425,172.3618
1059.824,166.4389
1053.539,167.5712
1058.024,163.2698
1057.928,147.4604
1052.216,126.4826
1044.109,103.4008
1040.9,89.0739
1040.762,77.30377
1039.745,80.9015
1043.379,71.37139
1044.121,75.72874
1053.616,74.74725
1055.982,74.50836
1051.038,73.87903
1047.399,77.85858
1046.767,79.69249
1050.882,80.39157
1052.736,80.0468
1051.183,81.2878
1050.024,78.05056
1049.019,78.84029
1049.098,78.46383
1052.485,73.33907
1052.028,79.33553
1051.837,77.10698
1048.444,76.87966
1051.946,73.22753
1054.3,67.6143
1046.891,74.97949
1047.82,71.5881
1047.398,74.65394
1050.375,77.6485
1051.939,72.05361
1051.792,72.42847
1052.363,69.87172
1051.732,72.18877
1046.58,77.94889
1052.119,74.65604
1052.156,72.58103
1050.034,68.97474
1048.451,70.33277
1044.612,78.57153
1047.217,79.059
1050.837,73.41526
1049.987,70.06261
1048.17,74.09688
1049.981,72.79704
1046.172,75.22757
1051.17,75.50468
1048.799,75.54806
1050.065,74.2989
1046.975,76.00392
1047.559,71.82543
1047.803,79.85685
1045.673,73.40931
1047.835,74.49562
1046.353,78.56032
1044.251,76.08797
1045.977,69.96244
1045.198,72.65582
1045.094,73.42082
1049.192,75.64577
1050.398,75.15034
1048.382,71.85107
1044.791,77.18462
1046.437,78.48771
1045.419,76.90474
1045.924,73.68746
1047.286,72.84885
1050.234,75.03923
1047.854,70.85611
1044.964,73.74295
1045.718,70.16135
1048.1,75.39288
1048.809,75.67376
1045.375,79.97599
1023.453,89.54184
988.3756,92.42691
928.6234,118.1314
864.5558,138.6934
816.5628,165.3806
780.9622,192.2623
767.3186,221.1336
769.3508,243.9413
761.4132,285.1492
753.5649,318.6481
751.3656,342.3746
761.0439,359.7935
764.6886,344.7923
771.449,334.0833
770.1323,307.6
764.7262,311.9015
761.4765,317.0276
757.8505,328.5041
763.996,334.853
758.271,330.5161
758.8947,336.3017
759.9518,330.7252
761.0448,323.3387
759.4302,330.7697
761.0098,335.4416
755.6617,336.653
759.1735,342.0317
758.1017,343.5458
756.8851,343.8997
758.1599,337.1726
755.9642,347.9079
758.0682,348.6836
757.1494,337.4714
756.0261,341.1633
758.4243,336.6663
758.1347,335.5339
755.9229,337.3693
753.9332,331.818
765.912,317.703
761.307,340.3164
762.2246,334.405
756.3719,339.6312
762.6314,334.8344
760.692,337.6752
764.3843,332.4302
759.8348,341.8558
760.3027,339.7296
757.2607,344.2487
758.9423,358.8091
756.1884,351.6208
757.47,332.1747
757.1438,346.9908
757.3848,348.4412
758.8732,336.8467
755.8971,340.8677
758.5666,330.9951
759.4036,349.7265
762.8102,336.7107
757.0868,342.6525
758.1311,352.1629
759.501,354.1582
756.6996,354.1675
756.2451,349.0063
759.2961,314.6017
754.3298,353.7912
758.5987,336.3849
753.9823,334.5838
762.8002,335.4656
760.3128,337.4107
755.745,341.1729
760.6098,333.4418
755.8955,336.6209
756.3577,337.6536
757.0322,328.5718
756.9585,348.75
758.4338,348.05
758.7922,332.2542
754.4415,340.7091
759.4687,350.5483
759.4529,333.3658
753.3251,346.8072
755.2978,340.3999
756.3626,337.8533
755.1846,318.7869
759.5312,334.4184
757.1376,344.4443
756.6511,339.0417
761.5973,335.1239
754.2831,340.6643
757.6649,331.9205
755.4363,340.4176
756.3631,344.8573
753.7561,338.5716
755.7676,338.0156
757.3528,344.6095
755.7912,333.4277
758.6188,341.7607
757.9821,344.1679
756.7676,339.1291
757.4086,324.9957
755.4838,344.2395
758.2354,351.5385
757.6827,344.4691
759.9086,341.2476
756.2096,340.3357
758.228,347.4283
756.9217,340.0311
757.831,346.5752
754.9907,341.465
755.5652,343.2241
759.0968,346.3243
753.9325,342.8676
757.4016,344.6025
755.953,339.4264
757.6364,323.0685
757.6326,336.1384
758.797,324.6877
758.1493,344.1527
756.0404,328.7126
755.8507,339.3722
757.0115,349.2832
757.8499,324.7373
752.362,333.3442
743.521,344.7294
723.7008,355.6119
690.7375,355.8439
659.6395,371.3236
643.5041,372.0888
648.6903,372.6465
667.7411,382.8413
683.1892,390.1052
684.1727,378.859
679.6457,386.5861
678.3162,383.3903
679.7927,383.3793
680.2524,384.9499
677.0919,377.1436
675.2812,377.8883
679.8961,377.8867
679.8305,376.4048
675.9526,384.3932
677.6859,382.7573
677.8273,389.8478
678.2489,377.34
677.3988,367.6715
677.1039,382.3366
679.1245,380.1529
677.3697,379.5328
678.1139,381.9535
674.9698,381.4546
677.7606,380.0217
677.2664,375.2082
679.3185,380.8065
674.009,378.9794
676.4064,381.2507
676.479,375.3815
676.73,375.677
676.0347,376.0555
678.4258,373.7438
678.151,374.9315
677.7864,380.9144
677.3358,378.6731
678.8517,377.849
673.3335,380.0236
680.6318,379.0019
674.2463,383.6711
673.5752,373.9481
675.4927,379.2484
680.8198,377.12
672.7313,367.5
675.9066,364.0808
674.1942,374.3434
674.4799,371.0291
676.2094,377.959
678.73,387.9904
680.0309,394.4001
682.1827,405.1894
686.2914,404.598
683.9248,397.9321
685.0368,398.1528
682.061,393.8527
683.3505,395.4151
681.5012,393.2712
678.3177,386.1956
680.0366,382.9867
686.4254,392.0077
684.6883,394.0472
681.723,388.5368
686.8822,395.971
684.4867,393.9929
682.8231,388.0955
683.9923,389.0259
680.9515,388.6371
686.0697,400.9634
682.2361,387.3301
683.1489,394.018
682.9398,394.4039
682.8606,396.1973
685.0315,393.5787
677.5469,384.7477
683.0139,386.0368
680.7818,388.8373
678.0415,382.9266
683.6982,402.0537
684.7387,394.9804
681.3534,397.4068
682.3975,381.6847
679.3513,384.7021
680.5938,387.0331
681.5825,392.678
680.1958,380.4379
682.5232,387.7505
681.1944,385.3867
679.7851,392.3516
680.8341,380.3354
683.2632,383.169
686.2633,393.9616
683.5623,388.4521
682.407,393.0545
684.173,393.1691
683.4923,385.4285
679.1322,373.163
680.5409,390.3603
678.8688,386.9146
679.7521,385.2855
680.7441,386.0381
680.716,376.1342
682.8135,395.7832
681.7904,377.4053
680.3949,390.056
675.4413,383.7435
683.7162,382.3713
683.1317,387.2767
682.6873,396.1984
682.5009,387.7471
682.1624,382.116
679.3539,381.7186
682.3915,384.3541
682.3178,383.0397
680.2858,373.2783
679.029,384.2858
678.4387,387.4013
679.4511,383.4817
682.2516,386.313
679.3863,368.4963
682.4105,368.8973
674.549,365.0504
676.4346,351.5724
681.4319,353.7185
678.852,356.1571
680.7361,380.6573
681.4372,366.9072
679.4784,383.1481
679.6709,378.0984
679.6293,368.8718
675.7731,364.8641
674.2345,358.1809
678.1012,361.0685
680.306,352.5984
677.7655,367.3871
677.3035,362.4463
673.0117,357.2043
677.7788,352.3643
678.1038,365.439
675.4513,351.8629
672.6697,343.7411
676.5114,374.19
676.6159,362.0185
683.1239,371.9561
679.0882,366.9401
677.8483,342.7469
678.5153,380.7809
680.0424,362.3536
677.1893,370.778
672.6861,345.9658
675.7854,357.7385
682.7441,356.6608
678.2833,371.8851
683.6418,369.3592
679.1302,345.0692
678.965,370.7205
677.8686,335.7238
673.3051,329.3219
676.8137,335.7514
678.2649,376.4417
671.3226,350.9323
664.4923,348.6667
644.0041,348.6682
611.6517,337.8829
586.0266,308.0489
568.6019,294.6043
574.9973,299.0933
584.974,301.2317
583.725,299.217
573.312,297.7311
575.3527,294.6909
582.0114,286.2083
585.3961,300.644
581.1546,285.1839
578.3667,297.0089
578.0666,288.6899
579.3499,289.2079
578.7486,286.6023
583.7008,290.1226
577.9366,294.4803
579.1878,289.6522
578.8917,296.4259
581.3205,295.7257
579.9795,288.6445
578.7451,300.6493
582.2559,294.4154
581.8471,299.7928
579.6911,303.5016
579.515,298.7434
579.4785,298.4685
578.5472,298.2971
579.4418,292.696
582.0906,292.437
579.573,297.4561
575.6835,298.4568
581.1849,290.0103
577.1091,286.3456
577.7781,285.3363
575.2477,284.8707
580.7671,285.7789
577.5199,287.3689
578.4266,298.2007
580.2613,295.3225
579.9015,298.5031
576.1728,298.0868
579.2379,295.7931
581.6479,287.987
579.0797,291.6793
578.1223,288.9151
575.3347,283.2335
573.1033,294.6857
576.6127,296.6524
574.8963,288.9793
575.809,296.883
573.711,304.4756
578.7432,301.4834
575.4124,297.8515
574.3348,303.0132
576.8786,300.4092
574.9263,301.1068
579.2487,300.423
577.584,294.382
578.1746,304.8114
576.4811,299.061
576.401,296.9891
575.186,293.9383
576.6234,300.6408
575.0373,297.3042
577.101,301.5976
572.8696,291.4475
578.4527,282.7618
575.791,295.9508
576.4213,293.1316
580.2731,304.7385
578.7809,296.6051
576.9633,296.1057
578.269,288.2006
579.2863,292.8196
580.2148,288.2602
579.6843,292.5744
574.7491,298.176
580.3656,289.3413
579.101,292.9631
574.2621,289.1223
574.4073,292.3252
577.6726,292.749
574.9131,296.599
576.3253,285.967
571.5993,292.1357
575.7674,291.9851
576.3234,291.6511
576.6966,286.9985
573.287,286.9376
575.8004,288.6111
575.5157,292.0747
578.4587,295.8482
573.3669,292.9479
574.8759,286.5486
575.8936,289.0267
576.73,298.3835
575.7616,302.5917
579.4821,296.7406
573.1459,302.0583
574.4147,290.266
575.2583,302.6361
573.9392,292.5128
573.8526,298.7452
576.3338,291.7901
576.8802,287.9713
577.2199,301.1541
575.1209,287.6541
572.0739,297.8915
575.4131,290.7107
575.8324,306.9623
574.0143,293.8957
575.45,304.0531
573.8249,300.5872
572.3393,286.9714
575.2807,290.7232
572.4633,301.8512
576.189,296.0696
574.489,298.5317
570.466,304.7907
576.0552,302.8822
575.2038,293.2006
574.2678,303.1152
571.0933,301.594
568.5552,300.4125
573.2402,296.0799
568.1876,293.8733
553.8125,287.2159
530.2927,267.4943
511.8208,264.8255
491.0535,251.3358
490.5307,255.4518
497.7698,259.8213
502.7292,245.2384
503.5032,250.5661
507.2417,253.0955
505.996,250.8815
505.1967,251.1185
506.4051,248.5276
505.3984,253.2326
501.4759,252.6247
504.2521,250.8397
499.5571,249.8675
503.6405,258.8759
505.3354,247.6741
502.6261,245.1747
502.6797,247.0735
506.8057,256.1987
504.7784,261.1033
504.5252,244.7344
502.0367,246.8554
502.4579,250.9128
505.0874,252.4935
498.72,252.6259
503.88,251.9166
504.2575,247.5481
500.8991,246.7371
502.6107,252.0091
500.0009,253.7126
500.2776,247.3912
505.1182,249.7231
504.8082,253.3488
498.9941,251.0908
502.5229,248.9102
500.6436,245.7977
502.3041,246.2072
504.4541,249.4238
497.7847,252.0329
499.2879,248.8407
499.9426,245.7424
499.4218,247.0313
499.9153,253.0284
501.8708,248.5076
496.9353,246.5375
501.6542,245.6041
500.277,249.4579
502.3648,246.6908
499.7717,252.2083
502.1831,248.8055
505.6648,248.4328
502.0184,253.4226
500.7271,255.277
505.632,248.5803
501.7549,247.7571
504.8863,252.0354
498.748,251.9309
487.2638,249.3627
480.3811,246.7769
471.6338,245.3476
472.8455,244.0752
474.9687,244.0293
480.4628,250.421
480.8768,245.1808
479.0289,246.9802
479.8909,246.313
478.0061,248.6317
479.8971,251.4117
480.1359,245.0093
476.8512,247.4758
479.2008,251.0437
476.8449,248.2714
481.1715,246.8161
480.6914,242.6072
482.3228,248.9834
480.5731,248.2461
475.382,244.3041
478.3704,248.4094
479.7099,248.6802
479.1436,254.2709
478.8735,241.7924
479.789,247.856
475.2673,241.7174
478.0396,244.7073
477.9919,244.9297
478.1627,243.4128
477.5928,247.4836
476.3806,246.2952
477.7055,244.1735
478.2313,251.8608
480.1823,251.138
476.8953,244.0838
474.8519,243.4413
477.7946,244.6057
475.9379,246.6215
483.0386,255.6968
482.5733,252.8109
475.162,250.2164
476.4883,250.4565
480.5794,251.2689
477.8593,254.9651
476.0923,244.5696
475.3465,248.7558
475.0363,251.4831
477.1447,241.2451
478.4866,248.3292
478.6405,245.1452
478.6092,248.4196
475.2941,251.8428
474.5729,244.9551
479.9872,249.4217
475.4244,245.4797
475.1392,248.2364
478.1123,242.554
481.6027,252.8582
480.4161,249.7653
477.5465,245.1892
475.9693,245.9986
478.8124,248.3885
477.8608,239.5214
477.8542,243.2497
480.8375,241.6523
476.549,249.1387
479.343,245.6069
471.9797,249.4637
479.4845,252.5318
479.091,246.0415
476.1506,249.8767
476.1293,243.9305
475.5334,243.7444
475.991,246.1914
478.7048,241.8569
475.5413,251.2315
477.0638,247.0395
476.8005,251.4941
476.1479,248.4527
476.9853,246.7829
477.3507,245.7777
474.7356,242.5699
475.2141,247.4678
475.5317,248.1433
473.4173,247.6459
474.6722,242.9767
473.2455,245.3709
476.4821,245.6817
476.1606,249.7908
472.4091,241.9159
472.4625,247.8302
475.0645,243.9406
473.3835,246.8703
474.6585,255.1672
477.1061,248.5409
473.8507,246.6162
476.702,246.566
477.0125,250.9287
477.759,252.0561
475.4745,245.4535
474.3128,247.187
475.0377,250.6215
478.2886,248.7518
473.5697,248.0928
473.6739,244.2322
471.5739,248.6415
475.6623,248.4829
476.221,248.3733
475.0652,249.1167
473.4721,244.643
475.2584,249.5711
473.6522,248.045
487.1478,245.7603
509.1108,238.2871
531.3473,242.1979
550.6214,239.7905
553.699,240.1246
556.7625,244.19
558.7806,238.3689
551.711,242.012
552.303,238.5649
552.8271,233.7036
559.389,247.8702
554.1404,238.9201
551.1652,241.997
553.6969,242.8307
556.7992,242.6192
554.0772,245.4175
550.6522,238.728
555.7469,235.5651
560.658,243.2787
556.8314,233.1598
557.0552,240.9335
553.9307,236.8014
553.6129,235.7708
558.3682,241.7451
553.1596,241.1504
554.6352,242.8638
555.3235,242.5244
555.1003,242.5342
551.6444,238.9425
555.8363,245.6182
556.1619,243.3116
555.0712,238.0472
554.5769,243.1542
554.0891,240.2118
555.2393,242.6864
554.969,237.5098
558.5256,241.5477
556.4271,236.7116
558.6992,240.4789
556.8906,242.8812
554.1815,238.3649
554.9615,238.2977
554.5874,243.8948
552.3336,234.8511
557.6107,238.1082
554.159,232.3992
558.1191,245.9573
557.22,246.1089
554.1416,242.9215
558.9778,244.6197
557.0109,240.3221
556.3268,244.5571
554.2905,239.8492
555.9033,244.1677
554.3222,241.7278
554.7667,243.8098
554.1189,239.334
555.8569,243.9207
554.5651,243.5208
554.5626,241.9112
555.9417,242.3771
560.3605,235.8072
575.9951,243.8704
604.563,241.8008
651.6832,247.9459
690.3208,247.092
730.9971,252.2873
763.4934,257.9269
795.2442,265.5847
833.3728,255.3853
867.9988,265.944
904.2637,264.7767
931.6106,264.3952
949.8435,276.4384
962.48,273.7109
969.9247,268.3961
978.0433,260.7982
967.9975,256.648
964.3402,268.3642
966.8773,260.5713
972.2181,271.36
975.6591,267.5056
976.8562,261.3798
977.7837,267.2591
975.9927,261.5236
978.5056,262.7112
978.4426,260.478
979.7649,262.5107
979.7222,259.3439
980.8553,267.7043
980.4644,264.1677
976.5741,273.331
981.9218,260.1171
979.696,257.8067
977.7604,264.4029
975.8636,273.9705
976.7986,274.5318
976.7254,277.0887
978.9517,272.8854
977.5331,265.5124
978.5432,272.2192
981.4393,260.8835
978.8205,269.0899
977.254,276.4919
977.8759,271.4938
978.6872,277.1209
977.8526,277.9347
978.0436,264.4571
977.0928,276.1158
978.6355,282.9097
979.0479,283.3506
978.6187,278.5738
983.0064,278.3519
982.6706,270.1868
985.214,271.1759
980.9427,263.8085
982.5661,267.7011
982.0753,268.3706
981.3924,285.6444
978.3014,282.352
979.4222,276.3295
984.694,270.8217
988.1536,262.9727
982.9756,271.2784
982.4723,277.8612
981.6396,271.5
982.1613,273.1329
986.6165,273.6678
984.6288,263.9949
981.8849,267.3801
982.9844,271.6766
981.0142,270.3613
980.9025,276.7855
980.5425,267.7416
982.5111,266.2585
983.8612,264.2746
985.3993,270.1552
986.6546,267.1923
987.6463,269.7741
985.4178,276.9155
985.1227,270.1794
984.5391,268.7038
985.1252,278.4505
978.3419,271.972
991.8467,261.7912
982.3413,269.8152
988.3381,273.2923
984.1412,269.5507
982.9625,265.7321
988.8723,257.6543
986.9574,261.4978
980.8892,271.7071
979.3842,276.3256
983.4609,271.5647
981.5747,263.9857
985.4417,265.6557
983.2926,269.6629
986.2332,262.3725
980.1609,260.2828
987.085,271.7288
981.7102,276.863
982.4853,272.8987
986.3122,267.3846
982.6768,279.2002
981.6391,278.9913
980.5629,273.5537
980.0875,279.3497
982.3318,271.2447
985.804,269.2468
983.7618,268.4805
982.8297,272.1051
984.0482,275.0543
989.2535,285.0697
993.1748,328.4407
1008.158,372.3035
1010.575,432.1891
1022.529,478.7653
1029.654,509.2497
1025.158,543.6605
1035.115,560.2515
1032.252,574.9127
1025.699,585.5901
1024.486,580.759
1022.394,573.7415
1023.855,560.5429
1027.113,552.6084
1029.872,557.0303
1032.116,567.1428
1037.291,566.3317
1035.697,571.2885
1031.605,574.9394
1031.053,575.3385
1027.178,576.7545
1028.795,571.5618
1028.857,570.9131
1034.892,571.37
1033.78,567.3555
1027.622,577.2295
1033.654,571.3895
1037.913,567.5055
1029.89,578.5631
1029.979,572.0482
1023.782,575.1208
1026.972,579.0619
1028.707,576.0924
1026.367,574.3875
1029.017,570.062
1032.795,569.4102
1027.603,577.9634
1025.882,576.0261
1028.43,578.6354
1034.711,575.2641
1027.765,577.8496
1029.261,578.6796
1030.232,575.0954
1027.359,574.676
1029.407,579.1144
1026.004,580.2461
1028.832,579.9226
1032.248,578.2167
1029.069,576.6648
1027.138,576.437
1027.556,576.3064
1031.156,577.4955
1027.427,579.213
1031.995,573.0157
1025.291,578.4313
1030.402,578.6576
1030.469,578.1463
1029.326,578.3641
1026.547,580.6181
1022.986,575.5785
999.9706,584.305
939.9769,592.1884
875.7205,593.9502
804.809,597.5413
746.1614,599.885
700.1931,591.9555
668.6366,591.5368
634.1301,595.7117
594.053,595.2987
551.3612,594.594
512.8345,596.0797
492.2214,592.5705
478.2655,593.8685
467.279,599.1577
466.2081,599.2152
477.5018,597.1265
484.8801,598.1938
489.4125,596.1301
488.5603,596.7222
484.2253,605.3203
480.5026,596.7211
480.3617,594.4949
478.9741,596.5155
480.4742,600.2666
481.7935,601.5173
483.8581,601.222
481.6215,595.7633
480.4259,593.6193
482.1138,597.5327
481.2177,595.9409
478.9092,597.1522
480.9935,594.7458
480.7108,595.0945
480.7341,598.5469
481.6387,597.6635
477.1556,595.4553
481.5599,593.8772
477.7982,594.6921
483.0887,593.3825
478.8983,595.6476
479.4964,598.7325
477.4275,598.0116
479.1682,596.104
481.6859,596.2396
479.8097,595.4291
480.7455,592.0219
478.9624,595.5586
479.932,595.7602
478.282,594.4559
477.3568,594.272
475.592,596.9526
477.621,591.2544
481.384,594.1012
478.334,596.9938
477.8028,592.9462
480.4547,594.175
479.0582,594.1162
472.4875,595.8415
476.8807,595.2836
471.462,597.5767
476.0712,599.7091
475.2135,595.2178
477.5518,594.0352
478.8407,594.9485
480.9007,592.2582
475.8984,592.302
479.2288,592.0651
479.9898,595.8773
481.821,595.2157
474.5569,593.3521
479.9934,594.6885
482.0594,592.7515
477.528,598.9685
477.1046,592.7011
476.9853,594.3555
478.9638,593.1603
476.9936,591.7774
476.8551,594.5681
478.5042,590.6511
479.0999,593.0004
474.6983,594.3153
479.1828,591.3351
477.617,590.5404
480.9697,597.4471
477.0527,593.1637
479.9387,596.2137
474.8635,591.6679
475.922,589.8055
477.4688,591.9573
479.588,594.8039
476.0067,595.4086
474.07,592.8349
480.5275,595.0198
477.3302,593.0162
479.7154,591.6226
474.9255,590.1578
478.1685,591.1715
480.5209,595.4034
475.1583,588.6996
478.0765,591.3919
479.6754,589.0586
480.3878,593.1243
474.3201,590.2442
476.5445,592.9674
475.8278,592.3209
473.9852,591.2263
473.3896,593.4291
477.5876,595.0471
476.8126,593.2639
476.6834,590.5536
478.2877,590.4172
480.3162,589.7587
472.1187,590.9672
475.5855,589.6808
478.6428,591.2987
477.1718,590.9904
476.7478,591.0937
475.4088,588.8799
482.2763,592.0134
476.6643,588.5786
479.7789,591.5521
476.5225,592.4476
473.2318,587.9519
472.6271,588.8477
476.7558,589.8113
479.6271,586.6323
472.7153,585.1664
473.1401,583.6653
471.8621,572.635
468.2353,560.453
477.7681,542.2551
482.0106,526.8828
492.4193,509.2212
499.8207,503.9744
516.4751,486.5614
526.8067,464.1348
550.6395,456.4231
579.9018,458.0359
598.288,448.7303
606.0993,428.8175
625.5387,434.4009
633.0808,430.9801
640.1056,430.9323
634.2301,418.2093
638.715,416.1527
643.0903,426.6002
644.2331,425.2103
640.8311,423.8537
645.9832,419.2549
641.562,421.0143
645.2837,425.705
646.3537,425.331
646.7679,413.0555
646.7577,417.3268
645.6005,416.0284
645.3188,406.6417
664.0523,301.9766
662.6655,292.6151
661.7783,301.9278
665.0262,307.9886
665.0516,302.9353
663.0914,309.1943
668.35,311.8161
660.7708,298.2874
669.076,299.325
666.0664,304.3599
663.139,308.2267
665.8002,299.2866
664.1473,302.6387
668.3014,295.1163
663.6541,305.3386
667.0836,302.1614
666.139,311.8266
666.1115,313.449
663.8231,298.4524
648.0139,311.8823
618.4116,296.3617
578.2036,295.2923
537.3566,295.67
505.9074,286.4905
475.5269,279.9222
452.5142,290.4357
431.8825,285.9526
422.5228,277.5747
426.5102,279.0121
435.6532,279.3244
446.0707,288.8169
444.2224,282.1725
438.1389,280.8288
434.0307,273.4839
434.6449,283.1519
434.2793,271.498
437.5441,283.3948
438.5171,273.4283
437.1662,280.631
434.934,279.8832
439.452,286.6786
443.3338,292.5341
440.1439,281.417
432.8611,280.7692
438.6655,286.7526
436.4392,288.3169
440.5854,288.3489
433.8149,279.9562
436.9624,286.9164
436.5517,276.5304
435.1755,276.9957
433.7745,279.4826
433.2299,274.8577
429.7194,274.4683
432.0806,272.4376
435.4427,272.7511
435.5849,279.6607
431.9076,272.5323
437.4835,277.4473
433.294,273.6253
432.0213,276.5855
435.2449,275.0374
432.4042,283.1224
435.9805,273.7918
436.2211,284.5558
434.6265,274.2926
439.4203,283.997
434.9415,281.9208
438.4483,279.8045
432.8227,277.9364
433.4674,273.4206
438.3373,274.5783
433.0095,277.6759
437.6144,280.0058
432.1406,273.77
435.6831,276.0926
438.3548,273.5631
436.0434,276.4345
434.9887,276.3946
433.2018,273.6017
439.7668,276.4742
438.3256,280.7731
432.3949,275.2365
434.904,268.9922
435.2471,272.9232
434.6876,272.9384
438.8317,279.308
436.1638,285.4325
435.0999,282.6502
431.952,268.1219
416.1585,254.6044
395.9478,234.4052
376.1314,213.6642
350.9042,198.3254
348.3175,194.6597
344.6614,186.9992
342.6173,181.7567
331.9447,182.7997
323.5922,172.9177
329.3761,172.1423
334.3723,168.9316
337.9048,178.479
333.9641,176.7296
331.0609,175.6166
333.2819,173.0243
338.1361,178.0041
331.0243,177.6635
330.7019,172.967
328.9423,177.8554
333.6305,172.4905
328.6659,175.5876
329.306,175.9221
329.1886,170.0225
331.0529,172.0205
333.6071,169.7896
333.1303,169.8962
328.3162,170.4951
330.7705,172.6336
332.2347,170.4239
332.6589,165.0729
328.966,172.0088
329.4405,172.0689
326.5119,171.6232
332.4153,167.6373
330.6849,175.1416
329.8934,168.9821
331.6491,174.2387
328.2029,172.7911
335.7076,174.8512
326.672,171.7545
325.8131,175.6622
331.5315,168.9428
329.1247,173.6136
334.9273,171.4336
327.6575,174.0217
330.3928,172.2345
328.8824,169.9723
329.3287,174.4379
327.5805,173.5154
327.1043,169.2806
332.8542,171.1311
329.4858,166.2806
323.9249,171.424
328.0367,176.902
329.9942,172.5224
330.8451,167.4377
328.5958,173.2411
329.2366,169.4726
330.1563,171.8884
329.541,173.9327
328.1915,170.3123
329.6192,168.5796
328.226,170.6129
331.3784,169.4313
323.7089,168.3687
331.1438,175.5004
330.965,169.4143
333.7802,181.2204
326.13,170.8328
326.4,165.9093
329.1077,169.869
328.2154,174.5716
329.4166,170.4903
327.5445,172.1542
325.4944,175.2771
329.5558,174.2419
348.148,180.0551
378.7687,193.2071
418.3243,207.1081
458.8772,214.6818
500.5935,220.6356
529.8073,231.8507
561.515,237.715
590.9994,253.3954
618.2015,268.6964
632.4497,273.6016
632.471,278.7722
625.4844,282.7406
620.943,281.4673
624.191,277.6711
623.7925,275.4819
627.6961,278.2311
635.5837,276.3612
636.9357,278.0565
636.6922,281.1576
636.6492,284.1358
641.7443,281.4066
638.5973,282.0611
640.9295,282.0652
639.3752,278.1147
645.7521,276.7006
648.3885,281.5306
645.1334,281.9514
642.7244,274.3403
645.7371,279.4707
644.8893,281.2771
647.2231,282.7574
648.2273,280.4555
642.9585,282.0369
649.8121,280.4115
651.5436,278.3878
648.7463,280.1353
648.5073,279.3917
647.8948,276.4872
647.3596,284.4489
649.1662,283.2708
651.8701,283.4563
646.3023,280.9962
648.5345,278.6792
647.5879,288.6436
649.8236,289.7948
651.6431,286.3783
651.1943,283.0423
653.1162,281.7504
647.5195,282.1711
650.8783,278.042
653.6708,284.3836
648.1258,282.3191
651.7481,290.4595
654.0504,282.6858
655.6166,279.2762
648.6887,281.785
654.2566,281.9183
649.9991,282.0576
650.8504,284.8339
652.9286,287.0561
650.622,289.0445
649.6468,281.4739
652.3619,287.2668
651.8476,286.0463
649.594,280.143
648.4059,286.4673
648.6372,283.6478
652.1079,285.5131
652.2819,284.0476
654.6069,285.7992
655.5299,281.2737
651.9533,284.4613
652.8255,283.6164
653.6102,281.9566
655.3059,284.5092
653.2399,279.7312
653.8244,285.3324
655.1062,288.1492
654.1053,280.686
654.3138,282.7615
657.4812,284.3176
652.2004,280.09
657.6968,281.755
651.6908,282.4096
654.0539,285.4957
650.3257,280.1415
654.1901,276.4878
653.7471,279.5845
652.44,280.8065
654.9109,282.8573
653.7445,280.0978
656.4723,281.1256
656.306,279.5471
650.1693,281.1407
655.0153,281.5853
660.1443,280.6919
655.4807,275.4442
656.7923,279.8257
654.9386,280.9227
654.2676,282.8013
653.7881,286.9352
654.7611,280.8985
654.86,285.0413
656.5713,285.5389
654.2068,279.1223
656.7945,276.6028
654.4723,281.0083
656.0842,284.5711
655.6671,285.9101
653.6527,283.6704
656.9047,284.1057
653.9645,282.6545
655.8596,284.0631
656.2211,277.008
656.5907,279.5349
657.9172,281.6159
654.8036,279.8591
658.0264,284.808
658.7845,282.9475
660.1703,281.0391
657.9817,293.0921
652.2735,303.1159
651.257,300.7367
654.3322,304.1441
658.6041,298.7072
657.1698,301.1488
658.409,302.4301
659.8807,297.3044
655.9102,297.2552
654.7646,296.6675
658.0952,302.1709
657.9371,303.4051
655.1793,298.1309
655.7014,301.0145
658.3398,301.0955
657.9054,299.2878
655.5199,314.2906
658.342,298.7136
657.7656,300.6913
657.2145,303.6079
655.3789,300.6898
657.7759,310.373
658.9702,298.8431
655.1894,303.9272
659.19,293.4891
657.5275,301.5041
658.0669,292.0623
657.088,304.6365
657.3934,295.4784
653.5153,303.7261
659.7364,294.2756
657.3833,296.1785
652.2125,300.1507
657.3038,304.2208
656.2469,304.5856
656.1427,299.5405
660.9861,296.0914
657.8403,296.1808
656.5194,297.1271
658.9754,298.1405
657.4871,304.6463
658.8542,296.0194
659.8304,297.2645
655.9687,300.1441
656.3686,305.0862
656.2329,300.425
655.351,298.0124
655.8275,296.044
657.9488,300.2695
656.7869,294.4969
657.1929,302.7312
658.2056,298.3941
662.5601,295.8601
657.2502,305.5804
657.3385,298.819
659.8167,300.8474
657.5231,301.1923
656.3993,298.8801
657.43,307.1192
656.7717,294.8137
655.0833,304.7158
655.3324,299.2165
657.5398,298.9615
657.3083,296.5146
650.704,295.5185
654.1542,301.4562
658.2659,295.2005
652.8164,300.0073
655.6747,302.6967
654.6017,293.3542
656.9093,294.4333
662.8351,312.1891
655.024,308.0906
653.6153,304.0578
655.0086,312.3609
656.5045,298.3819
654.279,320.0576
655.6954,301.2181
653.7754,296.4265
655.1023,316.4737
653.6987,301.9549
656.1393,304.1557
654.0219,304.1651
656.0925,300.1598
653.1852,300.1014
654.287,298.4093
655.0758,302.9668
657.1508,302.3432
656.0429,313.7807
650.9964,299.1963
652.6832,297.2543
651.7789,301.897
655.9388,305.3687
654.6706,309.7789
656.2304,303.5121
659.5373,300.8514
652.6411,298.8214
654.4933,302.3243
657.2759,301.7603
654.2026,320.5651
653.6055,306.7788
655.4334,309.8003
655.9362,298.5502
656.1699,321.3051
659.7374,306.2919
656.3756,314.0849
652.5939,303.4513
654.8103,299.7679
654.986,299.0006
656.0088,307.1823
653.5517,297.7834
655.4806,294.9746
651.2212,310.5202
650.4243,306.061
652.6185,304.6621
652.2427,297.1747
655.5566,304.7556
653.7493,299.4264
654.2733,302.0849
658.2609,309.7296
652.5595,307.4403
654.3535,314.1665
657.3926,306.8541
652.4348,297.3852
653.672,304.9066
654.8246,303.3126
658.8007,312.6001
657.1359,306.4622
654.683,308.0419
655.9675,294.4343
653.5007,301.9434
656.7776,299.4763
656.0489,299.4052
654.2437,301.4266
653.5643,296.8247
654.6456,297.2128
652.7941,302.1643
653.662,306.3849
652.7684,309.2752
651.7327,297.8376
654.693,307.5655
657.1144,298.6075
650.7429,305.3347
657.4979,308.5117
655.4018,308.3299
656.29,307.9866
657.0831,299.1013
657.8576,315.4465
654.9628,309.4584
656.0258,302.1754
656.3457,305.6335
655.1644,305.138
657.4703,304.3818
658.9773,296.7174
656.357,308.8669
653.1909,310.8224
651.3073,312.5682
656.1865,303.2046
654.1735,304.684
653.9742,300.1593
653.1157,311.2921
656.7006,294.5747
658.4885,304.7779
655.2627,311.1101
653.2522,305.8391
653.2381,306.1547
659.2898,302.3914
656.1516,304.8815
656.7959,312.1115
657.6317,309.1045
656.9139,304.233
658.3635,310.4409
655.0983,301.8481
658.7698,312.6346
657.3527,308.469
662.2932,328.0817
669.1547,346.7633
674.2011,361.9645
672.5035,343.3532
677.03,334.7369
674.5675,357.0718
670.0925,332.0049
676.2081,341.2101
668.7284,359.9136
674.5921,357.798
668.9144,328.4693
667.1234,343.7579
674.1067,351.5102
672.5574,344.6413
673.7547,353.7146
672.0053,340.3131
674.7515,349.136
675.0827,351.0357
673.6134,354.1229
672.312,362.2747
672.199,353.1316
671.8237,353.7574
676.4136,339.3886
672.3862,350.9534
670.6035,344.7502
671.1472,355.6454
669.9884,351.0664
670.237,365.0745
669.2716,356.2788
674.8662,356.7345
665.8425,354.4678
671.0717,348.4524
671.2325,346.8702
671.8512,355.0757
669.3412,345.2713
665.5058,349.118
674.698,346.752
675.3246,355.5802
670.6938,356.5436
673.0496,332.0187
668.6594,330.4123
677.3823,356.7038
670.6256,346.7158
668.0445,331.2474
671.8782,340.041
671.8556,335.3132
673.0276,352.0163
670.4451,347.8313
669.1624,332.5339
673.4492,342.987
672.8211,345.4106
669.701,343.4613
670.878,351.5708
670.3244,349.5802
673.6118,349.1548
675.8918,351.9093
670.426,342.249
675.5962,357.4676
670.8366,348.3596
676.1719,339.7395
666.4613,336.9471
674.4118,346.0763
674.2922,347.2883
674.207,343.4717
672.9108,349.3423
673.1675,339.8206
667.9546,359.6224
670.9945,354.4499
675.2975,352.3212
669.9097,338.3157
675.009,346.1108
675.2109,337.6646
675.1099,336.089
673.7966,350.2565
665.1927,411.1005
663.9456,406.2585
664.3446,415.6809
670.8412,417.3829
667.5323,412.9729
662.6844,405.8112
671.732,412.8515
661.0476,394.9133
666.492,401.1203
665.6563,409.881
670.0553,415.8786
664.3537,410.2739
670.6329,412.2231
665.1994,409.3501
669.1286,412.8867
670.6437,410.6091
670.2238,407.8496
670.0534,405.9496
671.2595,409.8073
668.374,416.7482
665.8873,412.6682
672.4833,417.3157
673.7149,418.0939
665.7269,408.9088
669.1166,414.2524
668.3329,412.8974
669.577,416.0694
666.9322,411.6341
666.9467,408.8629
667.583,408.0579
668.1855,414.1104
668.4926,408.9722
669.6335,413.7448
671.3126,415.0284
671.1814,415.4065
671.5796,417.5771
666.8466,411.9001
665.9805,415.6859
670.191,416.0524
668.717,419.4562
671.6527,415.6113
669.7764,417.2184
669.2998,414.4268
670.2488,411.8032
668.3776,408.0816
670.3428,414.4782
669.192,415.3363
672.528,420.0648
669.1539,411.4579
671.8632,416.2426
674.1534,419.7636
670.3474,412.8301
671.2872,418.1055
670.076,415.588
673.9061,417.296
671.5742,416.7516
670.567,415.9171
672.5858,419.118
669.0907,419.3482
667.9994,414.6418
670.6054,421.3822
673.2544,417.1367
666.3858,411.8258
670.2831,413.7288
665.89,413.8722
671.5585,416.9006
672.7823,414.2093
672.299,419.8685
670.605,415.631
673.0934,406.1041
670.5208,388.3179
665.515,356.5617
665.5474,332.6314
665.9829,326.219
668.991,329.0837
671.0964,336.6373
675.5703,339.0948
673.4547,340.3524
673.993,341.9155
669.163,352.5635
673.1295,351.4887
674.1219,341.9181
669.0618,337.4366
671.8603,343.6772
672.4712,331.2463
673.5312,335.1556
672.9703,352.9001
669.6379,340.5999
676.6038,336.6745
671.9589,350.3393
671.8759,336.9306
674.5958,343.29
677.462,337.1518
678.3439,350.3317
671.7162,335.7784
671.7756,339.2017
675.8608,350.8012
675.6205,336.7133
667.5906,343.8498
672.5429,344.0641
674.976,343.4482
671.895,346.7087
672.9255,336.4372
671.9744,340.8305
677.7983,344.1965
672.3637,348.5179
670.4884,335.6729
667.2444,335.4771
672.1893,340.6842
672.5232,335.2399
671.3128,335.5194
674.2521,337.696
673.8168,340.6475
672.1503,328.6271
675.1956,350.2739
677.3874,343.7272
674.7172,335.1889
668.9824,329.354
684.0367,334.0942
705.7388,298.6781
741.5275,295.6257
764.8707,269.2189
783.7519,269.6186
781.5747,273.8548
783.7833,270.772
802.7745,271.6834
818.7238,270.7373
814.3426,275.4368
802.1397,280.7644
800.2469,280.5062
797.7529,279.5768
801.7971,278.6086
805.2647,275.4348
801.3653,279.2317
800.8003,278.3337
806.8282,283.497
810.6397,282.8228
807.8377,276.3325
808.3025,272.1775
811.6437,277.7753
809.7084,274.7493
808.5508,273.7982
808.5063,271.4922
807.6443,272.6627
807.5127,274.7998
807.8958,270.027
809.1821,276.8226
807.479,271.6589
807.6261,271.3542
808.4829,275.9474
809.1883,275.4548
809.9933,273.4985
809.8295,273.6299
807.4779,278.8514
807.2387,274.3515
807.4806,271.9929
807.8327,271.6025
812.3112,273.4513
808.2082,270.2552
808.3145,274.1922
809.6821,267.1587
810.1406,277.9461
809.9895,276.9556
813.8474,275.3782
811.4876,275.3208
810.3066,272.3533
812.2053,274.633
810.7454,268.3165
810.2492,278.896
813.6792,276.377
811.3675,275.3516
811.0008,277.8666
811.3906,266.4697
811.2236,275.4358
814.3535,282.6052
811.1877,283.6936
811.4554,276.0374
815.8298,273.2756
811.8061,283.8707
813.3227,275.9958
813.869,278.9634
814.3252,278.4989
814.8613,279.1546
812.8449,274.9914
817.2513,277.4823
811.1228,278.8231
815.6287,277.1026
813.3767,280.7371
810.9603,281.6375
812.4118,274.0108
816.3105,281.1166
812.5042,280.0593
815.5526,275.4255
815.6079,284.4836
814.2155,280.8814
817.6003,280.2423
814.0277,275.2754
819.9426,279.5815
813.6108,281.0043
813.0141,277.5634
815.4692,282.3391
812.9321,280.6884
816.284,283.8734
817.1743,286.9786
812.5509,282.3969
812.5377,277.0325
816.3694,280.7734
810.9829,282.025
815.5934,279.666
815.6959,274.4215
810.7856,275.3894
821.2049,275.81
837.5019,267.2929
856.5995,264.6355
865.3989,257.3523
876.7697,263.8265
874.5997,261.5755
873.6133,261.4781
866.306,263.2829
865.1523,260.0833
868.2317,266.9682
867.0302,265.4987
865.8625,267.6806
864.2868,267.1768
864.3366,268.5281
865.4054,264.9532
870.8933,268.2325
870.7043,269.617
869.345,265.8519
866.8316,262.6623
866.2102,263.7899
867.7107,266.4306
870.0741,265.6227
867.892,262.9638
866.8825,263.6457
868.7784,262.9501
867.3323,264.9888
866.6412,258.9985
872.9663,263.0163
871.2622,264.8939
871.7168,264.5614
867.7938,261.5398
867.9574,261.5172
868.0929,264.7773
867.6221,260.7037
866.2787,263.5516
869.1198,264.7012
872.567,264.0104
863.1855,264.7517
871.3055,265.5196
868.3118,266.2357
870.5903,263.0043
869.9791,260.4961
890.2444,261.5895
922.8183,269.0743
958.7303,276.0308
985.2303,259.1573
999.8616,263.4701
998.7045,265.5327
1003.15,264.2433
1009.384,265.6372
1018.225,260.4211
1020.655,262.7258
1012.566,261.6597
1014.231,262.5575
1016.365,257.8674
1013.472,264.3087
1021.514,264.4353
1016.37,269.0086
1022.413,259.2363
1021.282,258.2423
1020.307,256.901
1022.397,257.5825
1020.098,260.2589
1022.333,261.3954
1023.462,265.2117
1023.737,253.1164
1020.585,260.7301
1019.954,258.2966
1025.181,262.2598
1023.809,257.186
1026.7,259.2078
1022.91,259.2913
1023.317,258.2476
1027.506,258.6288
1025.751,263.1379
1026.892,254.5288
1028.853,253.8619
1026.358,259.2226
1030.664,257.5249
1028.003,260.31
1029.618,255.7369
1027.609,255.7425
1029.538,254.5792
1026.675,263.9045
1023.543,262.5816
1025.993,256.9468
1026.362,258.4707
1023.199,258.7886
1026.617,253.6725
1021.904,264.5067
1028.102,262.4043
1025.482,261.5342
1026.707,253.9288
1026.259,254.2955
1024.8,258.2558
1025.772,258.1311
1024.614,261.0286
1025.422,254.3077
1027.98,257.7277
1026.681,262.289
1031.043,254.7812
1026.959,260.607
1021.203,263.8389
1025.315,268.3632
1022.727,263.3411
1027.714,252.1737
1023.353,269.8284
1026.962,262.4008
1024.674,264.3286
1027.223,257.0584
1029.934,253.0586
1027.139,253.4207
1029.051,265.0682
1025.634,256.4967
1026.609,257.9992
1024.53,259.3465
1025.573,260.84
1025.651,265.8753
1022.111,265.44
1027.929,260.7021
1022.512,261.0252
1028.178,260.5442
1022.961,261.357
1027.249,250.7017
1021.978,261.128
1024.181,265.3922
1024.71,273.7375
1038.331,286.1861
1050.27,306.735
1055.622,369.1813
1068.652,410.8891
1085.228,427.369
1093.214,443.3073
1094.508,458.0183
1090.712,454.6705
1081.707,462.884
1086.279,446.4433
1084.902,436.8841
1086.741,431.8191
1094.04,435.0114
1089.978,436.9323
1088.886,443.4421
1093.633,442.92
1094.277,442.6923
1093.64,446.933
1091.945,448.5232
1088.771,451.5169
1095.119,449.0928
1091.887,447.738
1088.912,449.3564
1091.407,449.2112
1095.725,447.4323
1086.543,450.0546
1093.367,450.1489
1091.121,450.818
1088.874,452.3034
1090.042,451.2543
1088.466,451.2056
1092.005,451.8648
1091.511,450.347
1091.822,448.5763
1088.206,452.1653
1089.863,445.5762
1090.292,449.4672
1089.324,446.7642
1087.655,455.4625
1088.03,448.0578
1091.263,445.2253
1089.658,449.7748
1088.68,444.682
1090.634,451.9401
1092.163,448.9158
1089.417,445.262
1089.929,453.3836
1087.72,444.8316
1090.234,450.0005
1086.43,449.3516
1088.825,445.9605
1088.822,450.5928
1091.095,446.2248
1091.399,449.226
1092.586,455.2975
1088.857,448.8418
1085.895,448.363
1094.037,456.1583
1089.183,446.4471
1090.432,449.1391
1089.559,445.6963
1087.859,448.6285
1090.649,445.4353
1093.101,449.3504
1092.369,443.7257
1088.434,448.2631
1091.462,445.6725
1089.172,448.334
1091.363,449.8621
1090.755,451.3858
1092.349,448.7976
1086.204,452.6442
1067.764,459.411
1044.127,476.2069
1001.541,510.7784
947.1113,531.3523
899.0027,546.7574
859.7827,562.8416
843.2136,573.4923
842.267,573.5723
841.0688,578.8633
828.1075,581.3904
827.8765,578.8354
827.6092,573.1947
832.2046,568.5758
838.0512,570.2079
837.3132,577.7605
833.128,584.3275
831.6961,582.8994
827.4699,587.2311
831.3471,582.7908
830.6037,580.7205
829.9507,584.2023
831.8731,585.3312
827.8566,587.8662
828.595,580.694
826.4982,584.5443
829.7402,582.6205
830.6718,583.3699
829.401,582.4933
834.3513,581.3848
830.5201,585.8307
830.9607,587.2957
831.9594,584.5563
824.6583,587.6955
825.7991,584.8994
823.847,585.2119
825.8761,583.413
830.1348,585.769
826.348,582.079
829.7886,587.6662
828.2216,587.7645
825.6681,585.0611
828.8778,583.3253
832.1432,583.0331
828.8551,582.4467
824.3835,587.8561
831.886,585.9785
821.9949,588.2023
827.8647,585.761
827.5033,582.4034
826.4989,581.5545
825.5806,583.5673
825.7994,583.3349
828.2585,584.1911
827.6278,583.0787
825.9453,585.0025
826.05,584.7688
825.1859,585.2821
823.1195,588.4173
827.9895,581.4932
826.1662,581.3523
825.0357,586.2385
823.5261,587.2169
824.4632,583.769
815.5328,585.4461
783.8441,582.4786
730.6309,580.9267
666.0347,565.0489
603.1454,549.9271
561.0061,534.0753
530.7596,527.1388
511.0417,519.7437
486.0571,522.749
456.6903,531.7279
432.6661,498.6524
431.8984,497.844
434.1037,499.9561
438.5023,496.6642
440.7858,503.4703
438.9036,503.3426
443.3338,504.008
440.6501,506.2351
439.3564,510.2837
434.3381,502.7397
436.7131,499.8413
429.6674,499.7988
433.0425,499.2798
433.2667,500.2171
433.5588,502.9061
439.0791,510.9686
438.5804,509.2763
437.482,499.163
437.8013,504.5977
435.3511,506.4529
432.3297,503.794
429.5004,500.7889
428.9444,501.9604
433.8176,499.9522
430.81,500.8669
432.693,501.3653
432.5257,503.1141
428.2861,496.604
431.6683,500.114
428.5771,495.8718
427.4459,499.9326
429.2118,493.2353
434.5713,506.406
433.5736,506.0415
432.06,499.604
431.445,503.2662
433.0135,507.5731
435.5225,504.8205
430.8405,503.2352
432.2643,502.3037
434.9093,501.5448
430.6799,501.2898
428.4123,506.3162
434.3387,504.5581
432.6295,505.6448
431.1026,507.5166
428.5374,501.5858
433.3475,499.5673
433.9333,504.4753
432.6561,503.5513
431.2987,498.5282
426.2856,495.1789
425.3759,493.3836
429.9904,498.9108
432.7027,502.8245
428.2582,494.5486
423.5481,476.2923
409.2404,447.5845
398.7017,420.7536
388.8153,396.0739
389.5832,402.28
393.4966,400.3812
397.794,396.1891
406.4171,405.2195
408.3519,400.6863
403.7905,396.5896
400.4298,410.7115
404.0134,413.2323
399.7445,403.2024
399.4267,399.9778
400.0838,403.3637
397.3182,400.3903
398.1158,402.33
398.5988,401.0698
397.6677,400.1096
400.5557,403.7007
394.7322,409.0119
398.3058,407.7567
393.4128,405.8384
398.3642,401.6461
397.5024,397.3055
394.7287,408.6122
398.8981,404.8127
397.3341,399.8561
398.0543,403.6131
395.6646,401.2415
397.4905,408.2702
398.8216,403.9541
396.0561,410.3349
397.7206,409.8094
397.0466,405.2701
398.0197,399.8519
399.3972,404.1593
398.8819,405.6156
397.9839,401.8908
396.7403,397.549
397.698,401.8019
395.0145,400.5525
396.6627,408.358
399.2373,401.0592
395.0182,401.7225
396.1332,408.7851
396.9574,403.0538
396.3581,402.8246
402.8641,402.4355
400.135,402.0344
396.6499,405.7166
399.2827,400.8293
394.8218,401.5198
394.0875,405.67
395.8151,404.8152
398.0229,404.6904
397.0866,415.0183
398.4682,407.0675
397.0232,407.7576
399.1823,405.3025
396.3634,408.7552
398.2095,405.2113
396.6718,404.7036
393.7341,400.4683
400.7539,402.6273
396.8214,406.8153
394.4969,401.6448
400.5484,403.9103
396.0517,398.2861
397.7689,404.0473
398.7114,404.8813
395.9745,396.5412
399.1222,406.3711
396.4122,403.8829
397.1664,403.4636
400.2055,400.414
392.2822,398.6869
399.8886,403.335
400.6422,407.0988
400.2953,402.3407
398.7879,400.1879
397.0179,402.5982
402.0095,397.4463
401.1382,405.476
399.1602,404.3153
408.2219,402.8687
427.0533,398.4088
466.8925,390.2241
514.487,389.8118
554.7349,378.8165
589.7244,375.3663
611.5348,368.979
628.9397,367.8077
627.0294,374.6473
629.3711,394.1889
620.9635,383.9015
614.6464,387.1045
616.8546,383.4714
620.1582,389.7726
624.9054,393.1054
626.582,394.4978
625.0156,380.7361
629.0924,388.6217
627.3412,383.0089
626.2398,385.6277
625.8428,383.8785
629.1624,383.4597
631.1986,382.0828
627.1941,386.5818
627.2325,383.3625
628.0306,388.5863
629.7271,386.8018
628.3646,365.0507
631.7745,390.2699
634.3563,382.784
627.3268,382.6669
630.1942,381.1734
634.1694,381.659
631.7401,383.7783
631.8435,383.6004
623.8807,375.591
630.7704,379.781
627.5934,387.5404
627.3906,380.1537
628.7747,381.1175
627.9759,373.6265
633.4967,385.8463
628.9797,380.2539
631.5752,384.9099
627.7615,380.271
630.2272,377.7434
625.0313,376.3825
636.3979,388.3912
632.7654,384.0846
631.6312,374.2306
634.9849,390.6415
638.3252,384.8323
646.826,388.1111
654.9303,370.6182
672.325,390.0399
675.0049,358.4962
675.1158,383.1754
674.1313,384.3627
666.6083,360.9914
664.0258,377.9328
671.527,385.2182
667.6061,372.2103
672.0422,382.714
671.9605,390.2528
668.767,385.2432
668.5708,384.1085
673.566,388.7388
671.5682,379.5832
673.2154,387.874
669.2787,371.4128
664.4916,354.5881
669.3557,367.5701
667.5075,362.8002
667.5408,377.3661
664.9573,377.8045
671.8645,377.3258
667.417,374.8312
672.4617,385.7449
670.719,372.6831
670.5812,347.9213
672.0819,385.7946
669.4321,383.9315
674.4258,382.4295
670.5871,389.0556
675.5285,392.4129
677.1417,374.1518
668.6078,370.2699
672.5083,366.116
675.1821,367.0078
674.5659,375.9832
672.9734,367.4134
668.8649,357.3015
675.5762,383.6489
676.7958,369.9023
666.9345,356.7669
674.6464,389.3445
680.1276,381.0762
672.9996,368.1205
672.4341,360.7159
676.0021,386.8053
673.2382,386.7863
675.1431,378.4258
670.747,376.0949
676.9765,371.183
671.6558,378.7218
669.0916,361.7423
672.4985,361.1868
676.0484,374.509
672.023,370.1431
677.3709,380.0818
671.3307,370.9859
669.4174,377.1428
675.5434,366.9575
674.9817,387.2845
672.0053,367.0099
671.8004,377.9015
677.2871,384.1536
668.2377,375.3525
675.4401,381.8782
671.2457,374.5049
675.7487,387.7935
671.4291,384.528
671.1734,381.7153
678.2979,380.8195
672.1866,374.4097
677.6314,393.4916
672.2646,384.271
672.8178,373.2172
674.8391,380.9351
671.1231,379.5971
670.5223,368.9706
671.8284,370.1776
673.3735,387.926
674.8163,378.5558
673.6711,380.5003
676.4236,381.0564
673.936,385.3368
672.2055,369.7486
682.1443,386.2366
673.9776,393.0503
673.2365,383.7661
675.7028,386.2247
676.02,394.1276
665.915,359.5847
655.2239,386.1399
638.3121,369.021
620.9996,377.0685
620.3017,357.4246
625.8459,378.56
634.0651,363.6803
634.9695,376.1445
640.2034,366.8734
640.5054,373.9658
636.4728,361.0489
637.4986,360.1083
634.9838,375.9968
637.6268,373.6277
633.0165,379.8474
631.5014,380.0478
634.9404,379.3579
633.1646,364.5838
635.0435,388.1502
633.4652,376.8135
638.1899,363.332
632.9303,377.6729
631.2734,380.8928
631.8346,378.3573
634.3843,371.394
634.7953,389.1096
633.6175,376.8182
633.164,373.5812
632.6649,388.5618
636.9006,378.0755
637.6566,355.9764
635.8059,369.9731
633.1769,375.2713
633.014,370.5691
632.8463,372.8939
633.9135,378.7575
635.225,371.995
635.78,381.6011
636.3593,380.3778
635.2216,380.9669
632.192,362.2699
634.0345,379.439
629.6682,371.5826
631.9009,375.0972
635.6166,382.4576
634.8007,372.1873
636.5274,368.2141
634.439,381.1903
635.9857,375.6939
633.0425,374.9704
637.197,382.6394
634.9394,382.9553
636.6401,381.8516
635.0003,379.3034
637.1491,384.6481
633.6735,369.2145
639.6478,393.1475
639.727,384.1107
637.2042,383.2669
640.9902,380.3976
635.3662,369.5844
634.146,369.0941
636.9971,381.9688
634.3661,378.4549
638.0678,381.1434
636.1701,383.4378
638.9268,372.1855
638.6853,378.3066
635.8514,379.814
640.7997,372.9991
634.0218,363.429
634.6932,373.2344
638.006,383.6427
636.4594,368.6882
632.5952,368.8909
639.1524,379.2789
635.0684,372.0082
640.429,379.3036
637.0531,372.6203
633.7504,365.8082
626.4446,386.5442
606.4407,383.0937
571.4269,375.9404
542.7494,383.1551
516.7878,383.1313
507.4016,383.8478
514.2389,378.3594
525.2751,368.9414
533.5775,376.1738
538.9928,372.4432
535.1091,370.036
532.016,383.442
534.1687,380.0669
530.6393,379.1801
532.6498,379.6577
533.7486,379.2063
529.7722,384.5032
531.3161,388.5095
524.5829,381.6735
532.229,379.7455
527.8205,378.6659
527.7856,384.4508
528.1224,383.1922
528.6828,368.4773
526.6911,373.7361
531.1149,380.4759
530.7836,380.8625
530.522,380.6155
533.3109,377.8272
530.6162,386.7483
529.1212,380.0291
528.015,369.5108
526.6191,376.8123
525.3536,379.7174
527.8318,377.9015
530.016,382.6843
526.8041,373.5092
527.9063,373.9514
530.3824,380.9982
526.7212,375.3127
527.9545,372.5463
529.8216,370.8605
527.4258,370.082
526.1514,369.7347
524.8775,381.5105
529.0686,372.4006
529.3144,382.3797
528.3041,373.0444
524.4328,378.0256
528.3042,372.9482
526.8377,377.8504
521.2727,369.8113
523.8121,377.5816
522.4103,365.3081
529.8519,377.9758
531.5739,386.8686
526.0096,380.2585
530.611,383.0519
525.2243,382.9942
526.7416,378.0318
527.5293,380.3249
523.0584,372.6874
527.8387,377.7265
527.25,384.6465
527.5218,378.6083
533.4819,380.2345
523.7686,379.7623
525.4293,376.7214
525.7518,368.2159
531.2683,386.422
525.7368,380.7447
528.9681,371.932
521.7433,363.3136
529.7778,379.4652
526.6872,382.3333
528.9626,376.7288
527.274,383.5763
527.6457,382.2539
528.8812,383.0378
525.7261,373.4126
528.6596,377.1065
528.1761,376.9511
528.802,383.9977
524.979,379.7988
527.7405,378.6457
528.5656,384.2638
525.976,360.5712
528.8579,383.1407
525.179,365.4821
524.2793,383.0474
526.124,381.7182
525.4214,378.6492
526.9987,376.6709
523.3996,365.9667
525.2922,372.228
527.1389,388.0061
528.6677,370.9357
529.5244,376.5381
528.6413,379.9899
523.4835,377.5617
524.8557,378.4962
525.593,379.7862
526.7747,385.6959
524.0902,374.4639
528.5869,375.9621
527.8535,382.7913
526.7253,380.3201
527.7418,382.5305
521.8482,379.3302
526.2809,379.102
529.0641,384.1266
524.7935,382.7983
524.2769,384.5987
528.2236,371.9583
530.5201,383.6845
527.0679,375.0426
527.3928,375.5776
525.2793,380.4986
526.529,372.154
527.5753,378.449
527.4487,372.5896
522.8379,376.6612
522.7287,374.0602
528.7307,384.9277
522.1821,386.2134
526.4854,379.77
515.8343,390.6248
501.4397,411.3186
480.3794,451.2636
459.3029,494.9562
450.3088,530.0296
